

drop database if exists sba;

create database sba;

use sba;

-- dumping structure for table ad-sba-sql.course
create table if not exists `course` (
  `id` int(11) not null,
  `name` varchar(50) default null,
  `deptid` int(11) default null,
  primary key (`id`),
  key `fk1_deptid` (`deptid`),
  constraint `fk1_deptid` foreign key (`deptid`) references `department` (`id`)
) engine=innodb default charset=latin1;

-- data exporting was unselected.

-- dumping structure for table ad-sba-sql.department
create table if not exists `department` (
  `id` int(11) not null,
  `name` varchar(30) default null,
  primary key (`id`)
) engine=innodb default charset=latin1;

-- data exporting was unselected.

-- dumping structure for table ad-sba-sql.faculty
create table if not exists `faculty` (
  `id` int(11) not null,
  `firstname` varchar(30) default null,
  `lastname` varchar(50) default null,
  `deptid` int(11) default null,
  primary key (`id`),
  key `fk_deptid` (`deptid`),
  constraint `fk_deptid` foreign key (`deptid`) references `department` (`id`)
) engine=innodb default charset=latin1;

-- data exporting was unselected.

-- dumping structure for table ad-sba-sql.facultycourse
create table if not exists `facultycourse` (
  `facultyid` int(11) default null,
  `courseid` int(11) default null,
  key `fk1_facultyid` (`facultyid`),
  key `fk3_courseid` (`courseid`),
  constraint `fk1_facultyid` foreign key (`facultyid`) references `faculty` (`id`),
  constraint `fk3_courseid` foreign key (`courseid`) references `course` (`id`)
) engine=innodb default charset=latin1;

-- data exporting was unselected.

-- dumping structure for table ad-sba-sql.student
create table if not exists `student` (
  `id` int(11) not null,
  `firstname` varchar(30) default null,
  `lastname` varchar(50) default null,
  `street` varchar(50) default null,
  `streetdetail` varchar(30) default null,
  `city` varchar(30) default null,
  `state` varchar(30) default null,
  `postalcode` char(5) default null,
  `majorid` int(11) default null,
  primary key (`id`),
  key `fk_majorid` (`majorid`),
  constraint `fk_majorid` foreign key (`majorid`) references `department` (`id`)
) engine=innodb default charset=latin1;

-- data exporting was unselected.

-- dumping structure for table ad-sba-sql.studentcourse
create table if not exists `studentcourse` (
  `studentid` int(11) default null,
  `courseid` int(11) default null,
  `progress` int(11) default null,
  `startdate` date default null,
  key `fk1_studentid` (`studentid`),
  key `fk2_courseid` (`courseid`),
  constraint `fk1_studentid` foreign key (`studentid`) references `student` (`id`),
  constraint `fk2_courseid` foreign key (`courseid`) references `course` (`id`)
) engine=innodb default charset=latin1;

-- data exporting was unselected.

/*!40101 set sql_mode=ifnull(@old_sql_mode, '') */;
/*!40014 set foreign_key_checks=if(@old_foreign_key_checks is null, 1, @old_foreign_key_checks) */;
/*!40101 set character_set_client=@old_character_set_client */;




/* insertions for table department */
insert into department (id,name) values (1,'arts & design');
insert into department (id,name) values (2,'business');
insert into department (id,name) values (3,'culture & history');
insert into department (id,name) values (4,'engineering');
insert into department (id,name) values (5,'information technology');
insert into department (id,name) values (6,'medicine');
insert into department (id,name) values (7,'sciences');
insert into department (id,name) values (8,'social sciences');

/* insertions for table faculty */
insert into faculty (id,firstname,lastname,deptid) values (1,'mathew','merrihew',3);
insert into faculty (id,firstname,lastname,deptid) values (2,'norman','diana',2);
insert into faculty (id,firstname,lastname,deptid) values (3,'cherish','revard',5);
insert into faculty (id,firstname,lastname,deptid) values (4,'etha','archer',7);
insert into faculty (id,firstname,lastname,deptid) values (5,'agueda','macgregor',6);
insert into faculty (id,firstname,lastname,deptid) values (6,'antionette','straube',4);
insert into faculty (id,firstname,lastname,deptid) values (7,'marcy','conti',5);
insert into faculty (id,firstname,lastname,deptid) values (8,'harlan','kloss',2);
insert into faculty (id,firstname,lastname,deptid) values (9,'dorie','budde',8);
insert into faculty (id,firstname,lastname,deptid) values (10,'emery','dunmire',5);
insert into faculty (id,firstname,lastname,deptid) values (11,'elizbeth','enterline',5);
insert into faculty (id,firstname,lastname,deptid) values (12,'mellissa','bertolino',5);
insert into faculty (id,firstname,lastname,deptid) values (13,'jadwiga','braud',1);
insert into faculty (id,firstname,lastname,deptid) values (14,'karine','crooms',2);
insert into faculty (id,firstname,lastname,deptid) values (15,'miguelina','reves',7);
insert into faculty (id,firstname,lastname,deptid) values (16,'gaylene','roten',6);
insert into faculty (id,firstname,lastname,deptid) values (17,'marguerita','bogert',1);
insert into faculty (id,firstname,lastname,deptid) values (18,'emanuel','burgoon',3);
insert into faculty (id,firstname,lastname,deptid) values (19,'cordie','farrow',6);
insert into faculty (id,firstname,lastname,deptid) values (20,'janyce','skelley',7);
insert into faculty (id,firstname,lastname,deptid) values (21,'karol','dicicco',6);
insert into faculty (id,firstname,lastname,deptid) values (22,'thersa','rusk',1);
insert into faculty (id,firstname,lastname,deptid) values (23,'aisha','benoit',7);
insert into faculty (id,firstname,lastname,deptid) values (24,'roosevelt','hruska',1);
insert into faculty (id,firstname,lastname,deptid) values (25,'bradly','hansley',5);
insert into faculty (id,firstname,lastname,deptid) values (26,'rudolf','zuniga',4);
insert into faculty (id,firstname,lastname,deptid) values (27,'ivey','phillippi',8);
insert into faculty (id,firstname,lastname,deptid) values (28,'kittie','cockburn',2);
insert into faculty (id,firstname,lastname,deptid) values (29,'kristofer','wilkey',6);
insert into faculty (id,firstname,lastname,deptid) values (30,'ma','roig',4);
insert into faculty (id,firstname,lastname,deptid) values (31,'luba','watkin',1);
insert into faculty (id,firstname,lastname,deptid) values (32,'hayden','cotnoir',6);
insert into faculty (id,firstname,lastname,deptid) values (33,'dolly','farago',3);
insert into faculty (id,firstname,lastname,deptid) values (34,'portia','cast',8);
insert into faculty (id,firstname,lastname,deptid) values (35,'fanny','ewell',3);
insert into faculty (id,firstname,lastname,deptid) values (36,'malena','antonucci',3);
insert into faculty (id,firstname,lastname,deptid) values (37,'kali','eakins',8);
insert into faculty (id,firstname,lastname,deptid) values (38,'tambra','daulton',7);
insert into faculty (id,firstname,lastname,deptid) values (39,'marcos','wentworth',5);
insert into faculty (id,firstname,lastname,deptid) values (40,'corina','matzke',7);
insert into faculty (id,firstname,lastname,deptid) values (41,'loreen','hanby',5);
insert into faculty (id,firstname,lastname,deptid) values (42,'alphonso','steller',6);
insert into faculty (id,firstname,lastname,deptid) values (43,'will','eshbaugh',1);
insert into faculty (id,firstname,lastname,deptid) values (44,'azucena','mcginnis',2);
insert into faculty (id,firstname,lastname,deptid) values (45,'katheleen','matinez',1);
insert into faculty (id,firstname,lastname,deptid) values (46,'sun','cosio',8);
insert into faculty (id,firstname,lastname,deptid) values (47,'yolando','dekker',8);
insert into faculty (id,firstname,lastname,deptid) values (48,'andreas','catron',7);
insert into faculty (id,firstname,lastname,deptid) values (49,'jaquelyn','hatcher',3);
insert into faculty (id,firstname,lastname,deptid) values (50,'antonia','hynek',3);
insert into faculty (id,firstname,lastname,deptid) values (51,'delena','schack',4);
insert into faculty (id,firstname,lastname,deptid) values (52,'bao','gethers',8);
insert into faculty (id,firstname,lastname,deptid) values (53,'jere','balch',8);
insert into faculty (id,firstname,lastname,deptid) values (54,'shirley','salomone',3);
insert into faculty (id,firstname,lastname,deptid) values (55,'rina','hornsby',3);
insert into faculty (id,firstname,lastname,deptid) values (56,'charles','benning',2);
insert into faculty (id,firstname,lastname,deptid) values (57,'corrin','tomczak',2);
insert into faculty (id,firstname,lastname,deptid) values (58,'thad','woodman',4);
insert into faculty (id,firstname,lastname,deptid) values (59,'weston','bialek',4);
insert into faculty (id,firstname,lastname,deptid) values (60,'lucia','cowden',2);

/* insertions for table student */
insert into student (id,firstname,lastname,street,streetdetail,city,state,postalcode,majorid) values (1,'guadalupe','donoghue','8483 adams st.','','elgin','il','60120',4);
insert into student (id,firstname,lastname,street,streetdetail,city,state,postalcode,majorid) values (2,'raye','selig','7731 jockey hollow street','','somerset','nj','08873',3);
insert into student (id,firstname,lastname,street,streetdetail,city,state,postalcode,majorid) values (3,'vivien','ragusa','35 w. spring lane','','vienna','va','22180',1);
insert into student (id,firstname,lastname,street,streetdetail,city,state,postalcode,majorid) values (4,'georgette','darcy','202a el dorado st.','','rockaway','nj','07866',6);
insert into student (id,firstname,lastname,street,streetdetail,city,state,postalcode,majorid) values (5,'mui','toller','814 nicolls ave.','','cumberland','ri','02864',3);
insert into student (id,firstname,lastname,street,streetdetail,city,state,postalcode,majorid) values (6,'sunny','loveless','7292 squaw creek st.','','mcallen','tx','78501',1);
insert into student (id,firstname,lastname,street,streetdetail,city,state,postalcode,majorid) values (7,'france','bissonette','9372 walnutwood drive','apt 73','circle pines','mn','55014',6);
insert into student (id,firstname,lastname,street,streetdetail,city,state,postalcode,majorid) values (8,'spring','pekar','55 west bridgeton ave.','','commack','ny','11725',6);
insert into student (id,firstname,lastname,street,streetdetail,city,state,postalcode,majorid) values (9,'emmett','gilbride','9 n. hudson lane','','newburgh','ny','12550',3);
insert into student (id,firstname,lastname,street,streetdetail,city,state,postalcode,majorid) values (10,'mi','raiford','27 devon st.','','centreville','va','20120',1);
insert into student (id,firstname,lastname,street,streetdetail,city,state,postalcode,majorid) values (11,'russel','neloms','74 hartford st.','','hummelstown','pa','17036',6);
insert into student (id,firstname,lastname,street,streetdetail,city,state,postalcode,majorid) values (12,'odilia','gilkison','619 south grand street','','culpeper','va','22701',1);
insert into student (id,firstname,lastname,street,streetdetail,city,state,postalcode,majorid) values (13,'lili','gran','29 east helen st.','','new milford','ct','06776',6);
insert into student (id,firstname,lastname,street,streetdetail,city,state,postalcode,majorid) values (14,'tiffaney','grantham','8319 lees creek st.','','framingham','ma','01701',5);
insert into student (id,firstname,lastname,street,streetdetail,city,state,postalcode,majorid) values (15,'kesha','hurdle','387 church drive','','sykesville','md','21784',1);
insert into student (id,firstname,lastname,street,streetdetail,city,state,postalcode,majorid) values (16,'camellia','schenck','2 johnson avenue','','temple hills','md','20748',7);
insert into student (id,firstname,lastname,street,streetdetail,city,state,postalcode,majorid) values (17,'mariann','fiorini','5 baker ave.','','marysville','oh','43040',1);
insert into student (id,firstname,lastname,street,streetdetail,city,state,postalcode,majorid) values (18,'marcell','sturdevant','797 lake view ave.','','aliquippa','pa','15001',4);
insert into student (id,firstname,lastname,street,streetdetail,city,state,postalcode,majorid) values (19,'trinidad','cusic','8271 lower river road','','nazareth','pa','18064',2);
insert into student (id,firstname,lastname,street,streetdetail,city,state,postalcode,majorid) values (20,'otilia','wiener','356 lyme avenue','','san antonio','tx','78213',7);
insert into student (id,firstname,lastname,street,streetdetail,city,state,postalcode,majorid) values (21,'maryellen','maybee','8815 bradford ave.','','cary','nc','27511',2);
insert into student (id,firstname,lastname,street,streetdetail,city,state,postalcode,majorid) values (22,'lorilee','frenz','7 canal street','','muskegon','mi','49441',5);
insert into student (id,firstname,lastname,street,streetdetail,city,state,postalcode,majorid) values (23,'marcela','ortez','7655 strawberry st.','','ottawa','il','61350',8);
insert into student (id,firstname,lastname,street,streetdetail,city,state,postalcode,majorid) values (24,'cassey','pizzuto','88 crescent drive','','new bedford','ma','02740',3);
insert into student (id,firstname,lastname,street,streetdetail,city,state,postalcode,majorid) values (25,'denis','kriger','7613 clark avenue','','mooresville','nc','28115',4);
insert into student (id,firstname,lastname,street,streetdetail,city,state,postalcode,majorid) values (26,'cathleen','woolfolk','9210 blackburn dr.','','merrimack','nh','03054',1);
insert into student (id,firstname,lastname,street,streetdetail,city,state,postalcode,majorid) values (27,'wilson','chason','776 locust ave.','','north wales','pa','19454',8);
insert into student (id,firstname,lastname,street,streetdetail,city,state,postalcode,majorid) values (28,'leandro','irwin','60 el dorado road','','mason','oh','45040',5);
insert into student (id,firstname,lastname,street,streetdetail,city,state,postalcode,majorid) values (29,'nathalie','hur','934 west fairway st.','','hoboken','nj','07030',5);
insert into student (id,firstname,lastname,street,streetdetail,city,state,postalcode,majorid) values (30,'shaquita','ronan','325 w. jefferson road','','clementon','nj','08021',8);
insert into student (id,firstname,lastname,street,streetdetail,city,state,postalcode,majorid) values (31,'lydia','regan','5 evergreen rd.','','akron','oh','44312',2);
insert into student (id,firstname,lastname,street,streetdetail,city,state,postalcode,majorid) values (32,'cicely','moye','7945 fairground ave.','','braintree','ma','02184',7);
insert into student (id,firstname,lastname,street,streetdetail,city,state,postalcode,majorid) values (33,'babara','felker','8111 oak meadow st.','','danville','va','24540',7);
insert into student (id,firstname,lastname,street,streetdetail,city,state,postalcode,majorid) values (34,'marylin','starkweather','179 leatherwood st.','','philadelphia','pa','19111',2);
insert into student (id,firstname,lastname,street,streetdetail,city,state,postalcode,majorid) values (35,'marilou','holleman','28 maple lane','','cedar falls','ia','50613',1);
insert into student (id,firstname,lastname,street,streetdetail,city,state,postalcode,majorid) values (36,'eleanor','sottile','9 lancaster drive','','davison','mi','48423',3);
insert into student (id,firstname,lastname,street,streetdetail,city,state,postalcode,majorid) values (37,'towanda','fedor','631 carson ave.','','meriden','ct','06450',6);
insert into student (id,firstname,lastname,street,streetdetail,city,state,postalcode,majorid) values (38,'rheba','rampton','378 silver spear drive','','cary','nc','27511',8);
insert into student (id,firstname,lastname,street,streetdetail,city,state,postalcode,majorid) values (39,'carmella','caicedo','89 green st.','','framingham','ma','01701',4);
insert into student (id,firstname,lastname,street,streetdetail,city,state,postalcode,majorid) values (40,'delphine','staub','9809 n. rockledge avenue','','san lorenzo','ca','94580',7);
insert into student (id,firstname,lastname,street,streetdetail,city,state,postalcode,majorid) values (41,'earleen','mcclanahan','48 fieldstone drive','','hollis','ny','11423',5);
insert into student (id,firstname,lastname,street,streetdetail,city,state,postalcode,majorid) values (42,'kacey','iannotti','99 newbridge ave.','','pleasanton','ca','94566',5);
insert into student (id,firstname,lastname,street,streetdetail,city,state,postalcode,majorid) values (43,'johana','jolley','5 north walnutwood drive','','upper darby','pa','19082',5);
insert into student (id,firstname,lastname,street,streetdetail,city,state,postalcode,majorid) values (44,'kali','distefano','468 east pin oak st.','','wilmette','il','60091',2);
insert into student (id,firstname,lastname,street,streetdetail,city,state,postalcode,majorid) values (45,'brande','tinney','816 creek drive','','morristown','nj','07960',5);
insert into student (id,firstname,lastname,street,streetdetail,city,state,postalcode,majorid) values (46,'trenton','fling','859 hill street','','lake zurich','il','60047',6);
insert into student (id,firstname,lastname,street,streetdetail,city,state,postalcode,majorid) values (47,'roni','madry','9944 silver spear street','','opa locka','fl','33054',3);
insert into student (id,firstname,lastname,street,streetdetail,city,state,postalcode,majorid) values (48,'lynnette','luck','733 johnson st.','','navarre','fl','32566',6);
insert into student (id,firstname,lastname,street,streetdetail,city,state,postalcode,majorid) values (49,'dorothy','cornette','9290 whitemarsh dr.','','fernandina beach','fl','32034',5);
insert into student (id,firstname,lastname,street,streetdetail,city,state,postalcode,majorid) values (50,'britta','kittle','7540 west mill road','','gallatin','tn','37066',7);
insert into student (id,firstname,lastname,street,streetdetail,city,state,postalcode,majorid) values (51,'weldon','gillham','8899 sherwood st.','','hephzibah','ga','30815',8);
insert into student (id,firstname,lastname,street,streetdetail,city,state,postalcode,majorid) values (52,'jodie','omara','2 stillwater court','','blackwood','nj','08012',4);
insert into student (id,firstname,lastname,street,streetdetail,city,state,postalcode,majorid) values (53,'hermine','tollison','948 bridgeton ave.','','saint joseph','mi','49085',1);
insert into student (id,firstname,lastname,street,streetdetail,city,state,postalcode,majorid) values (54,'emely','wooley','15 wagon drive','','dorchester','ma','02125',8);
insert into student (id,firstname,lastname,street,streetdetail,city,state,postalcode,majorid) values (55,'aurea','olmos','241 beach street','','fairport','ny','14450',5);
insert into student (id,firstname,lastname,street,streetdetail,city,state,postalcode,majorid) values (56,'isobel','caddy','52 country lane','','myrtle beach','sc','29577',2);
insert into student (id,firstname,lastname,street,streetdetail,city,state,postalcode,majorid) values (57,'rudolph','litchfield','7601 s. armstrong street','','phoenixville','pa','19460',3);
insert into student (id,firstname,lastname,street,streetdetail,city,state,postalcode,majorid) values (58,'bernardo','bivens','27 philmont ave.','','hollywood','fl','33020',1);
insert into student (id,firstname,lastname,street,streetdetail,city,state,postalcode,majorid) values (59,'clarine','dunleavy','4 logan ave.','','medina','oh','44256',3);
insert into student (id,firstname,lastname,street,streetdetail,city,state,postalcode,majorid) values (60,'albertina','hirsh','1 westminster dr.','','redford','mi','48239',7);
insert into student (id,firstname,lastname,street,streetdetail,city,state,postalcode,majorid) values (61,'lucile','murrell','9155 peninsula ave.','','marion','nc','28752',2);
insert into student (id,firstname,lastname,street,streetdetail,city,state,postalcode,majorid) values (62,'rudy','lanoue','930 green hill ave.','','north augusta','sc','29841',4);
insert into student (id,firstname,lastname,street,streetdetail,city,state,postalcode,majorid) values (63,'nisha','shover','172 hilldale drive','','saint cloud','mn','56301',3);
insert into student (id,firstname,lastname,street,streetdetail,city,state,postalcode,majorid) values (64,'casie','bevilacqua','9 hawthorne ave.','','murfreesboro','tn','37128',8);
insert into student (id,firstname,lastname,street,streetdetail,city,state,postalcode,majorid) values (65,'heidi','tetrault','7984 overlook street','','oviedo','fl','32765',1);
insert into student (id,firstname,lastname,street,streetdetail,city,state,postalcode,majorid) values (66,'rosena','kulinski','19 ketch harbour st.','','forney','tx','75126',1);
insert into student (id,firstname,lastname,street,streetdetail,city,state,postalcode,majorid) values (67,'alanna','kimbrell','46 nw. swanson dr.','','trenton','nj','08610',6);
insert into student (id,firstname,lastname,street,streetdetail,city,state,postalcode,majorid) values (68,'rheba','sgro','7180 edgemont ave.','','panama city','fl','32404',6);
insert into student (id,firstname,lastname,street,streetdetail,city,state,postalcode,majorid) values (69,'oren','guyette','249 cherry rd.','','new bern','nc','28560',7);
insert into student (id,firstname,lastname,street,streetdetail,city,state,postalcode,majorid) values (70,'mollie','gassert','618 vermont drive','','rocklin','ca','95677',6);
insert into student (id,firstname,lastname,street,streetdetail,city,state,postalcode,majorid) values (71,'jill','carothers','88 colonial st.','','saugus','ma','01906',1);
insert into student (id,firstname,lastname,street,streetdetail,city,state,postalcode,majorid) values (72,'trudi','birkholz','651 marsh dr.','','fleming island','fl','32003',7);
insert into student (id,firstname,lastname,street,streetdetail,city,state,postalcode,majorid) values (73,'keturah','mchargue','563 west walnutwood st.','','holland','mi','49423',4);
insert into student (id,firstname,lastname,street,streetdetail,city,state,postalcode,majorid) values (74,'arica','grahn','7805 n. old york dr.','','west des moines','ia','50265',7);
insert into student (id,firstname,lastname,street,streetdetail,city,state,postalcode,majorid) values (75,'everette','jasmin','696 nicolls lane','','glastonbury','ct','06033',1);
insert into student (id,firstname,lastname,street,streetdetail,city,state,postalcode,majorid) values (76,'kiera','deegan','8585 heritage dr.','','new lenox','il','60451',4);
insert into student (id,firstname,lastname,street,streetdetail,city,state,postalcode,majorid) values (77,'nick','steel','5 e. johnson street','','hamtramck','mi','48212',2);
insert into student (id,firstname,lastname,street,streetdetail,city,state,postalcode,majorid) values (78,'indira','madison','88 w. pineknoll st.','','teaneck','nj','07666',6);
insert into student (id,firstname,lastname,street,streetdetail,city,state,postalcode,majorid) values (79,'tifany','borrego','7440 ridgewood street','','fort washington','md','20744',2);
insert into student (id,firstname,lastname,street,streetdetail,city,state,postalcode,majorid) values (80,'criselda','casanova','215 swanson st.','','bangor','me','04401',4);
insert into student (id,firstname,lastname,street,streetdetail,city,state,postalcode,majorid) values (81,'alla','bruck','37 mammoth lane','','carrollton','ga','30117',2);
insert into student (id,firstname,lastname,street,streetdetail,city,state,postalcode,majorid) values (82,'johnathan','binger','8342 north snake hill ave.','','cedar rapids','ia','52402',5);
insert into student (id,firstname,lastname,street,streetdetail,city,state,postalcode,majorid) values (83,'elaina','alers','9826 harvard ave.','','honolulu','hi','96815',5);
insert into student (id,firstname,lastname,street,streetdetail,city,state,postalcode,majorid) values (84,'malissa','mcdonalds','8916 rock creek st.','','chattanooga','tn','37421',1);
insert into student (id,firstname,lastname,street,streetdetail,city,state,postalcode,majorid) values (85,'sarai','orloff','7626 hall dr.','','onalaska','wi','54650',3);
insert into student (id,firstname,lastname,street,streetdetail,city,state,postalcode,majorid) values (86,'wilhelmina','mcauliffe','559 north jefferson drive','','hartselle','al','35640',7);
insert into student (id,firstname,lastname,street,streetdetail,city,state,postalcode,majorid) values (87,'otis','bellew','23 meadow st.','','cuyahoga falls','oh','44221',1);
insert into student (id,firstname,lastname,street,streetdetail,city,state,postalcode,majorid) values (88,'twana','plantz','802 orange court','','east stroudsburg','pa','18301',2);
insert into student (id,firstname,lastname,street,streetdetail,city,state,postalcode,majorid) values (89,'kelvin','devore','58 pennsylvania avenue','','northville','mi','48167',6);
insert into student (id,firstname,lastname,street,streetdetail,city,state,postalcode,majorid) values (90,'lillia','bier','567 6th st.','','twin falls','id','83301',4);
insert into student (id,firstname,lastname,street,streetdetail,city,state,postalcode,majorid) values (91,'exie','lapointe','350 buckingham rd.','','savage','mn','55378',3);
insert into student (id,firstname,lastname,street,streetdetail,city,state,postalcode,majorid) values (92,'chung','bigley','6 new road','','hammonton','nj','08037',4);
insert into student (id,firstname,lastname,street,streetdetail,city,state,postalcode,majorid) values (93,'mike','malave','9977 w. amerige street','','southington','ct','06489',7);
insert into student (id,firstname,lastname,street,streetdetail,city,state,postalcode,majorid) values (94,'karon','mobley','11 east glenlake st.','','winter garden','fl','34787',5);
insert into student (id,firstname,lastname,street,streetdetail,city,state,postalcode,majorid) values (95,'herminia','hemingway','9546 hartford drive','','hillsborough','nj','08844',3);
insert into student (id,firstname,lastname,street,streetdetail,city,state,postalcode,majorid) values (96,'antoinette','bowen','561 rockland st.','','havertown','pa','19083',3);
insert into student (id,firstname,lastname,street,streetdetail,city,state,postalcode,majorid) values (97,'brande','windley','48 amherst drive','','carol stream','il','60188',8);
insert into student (id,firstname,lastname,street,streetdetail,city,state,postalcode,majorid) values (98,'guy','shill','86 pendergast dr.','','hamburg','ny','14075',7);
insert into student (id,firstname,lastname,street,streetdetail,city,state,postalcode,majorid) values (99,'necole','winebarger','321 durham lane','','woburn','ma','01801',3);
insert into student (id,firstname,lastname,street,streetdetail,city,state,postalcode,majorid) values (100,'dia','wolski','97 w. cemetery drive','apt 726','new castle','pa','16101',2);
insert into student (id,firstname,lastname,street,streetdetail,city,state,postalcode,majorid) values (101,'zella','toussaint','260 constitution drive','','ozone park','ny','11417',3);
insert into student (id,firstname,lastname,street,streetdetail,city,state,postalcode,majorid) values (102,'yon','rivet','435 valley view drive','','southfield','mi','48076',6);
insert into student (id,firstname,lastname,street,streetdetail,city,state,postalcode,majorid) values (103,'shanta','everitt','211 w. academy st.','','andover','ma','01810',4);
insert into student (id,firstname,lastname,street,streetdetail,city,state,postalcode,majorid) values (104,'jamison','watford','9086 gulf st.','','duarte','ca','91010',3);
insert into student (id,firstname,lastname,street,streetdetail,city,state,postalcode,majorid) values (105,'marget','sober','64 gonzales dr.','','buford','ga','30518',2);
insert into student (id,firstname,lastname,street,streetdetail,city,state,postalcode,majorid) values (106,'blondell','loffredo','32 college road','','new britain','ct','06051',2);
insert into student (id,firstname,lastname,street,streetdetail,city,state,postalcode,majorid) values (107,'ping','gibb','64 bradford drive','','fuquay varina','nc','27526',4);
insert into student (id,firstname,lastname,street,streetdetail,city,state,postalcode,majorid) values (108,'arnette','rancourt','8342 lincoln lane','','rossville','ga','30741',8);
insert into student (id,firstname,lastname,street,streetdetail,city,state,postalcode,majorid) values (109,'charissa','swinney','9180 glen eagles ave.','','milwaukee','wi','53204',4);
insert into student (id,firstname,lastname,street,streetdetail,city,state,postalcode,majorid) values (110,'lura','atilano','622 hickory st.','','middletown','ct','06457',1);
insert into student (id,firstname,lastname,street,streetdetail,city,state,postalcode,majorid) values (111,'valeria','vetrano','20 gulf st.','','bethlehem','pa','18015',8);
insert into student (id,firstname,lastname,street,streetdetail,city,state,postalcode,majorid) values (112,'chantell','seago','346 6th avenue','','sterling','va','20164',7);
insert into student (id,firstname,lastname,street,streetdetail,city,state,postalcode,majorid) values (113,'reinaldo','salerno','7023 cottage circle','','maineville','oh','45039',5);
insert into student (id,firstname,lastname,street,streetdetail,city,state,postalcode,majorid) values (114,'lolita','beals','84 bellevue avenue','','goodlettsville','tn','37072',8);
insert into student (id,firstname,lastname,street,streetdetail,city,state,postalcode,majorid) values (115,'marcene','eggleston','929 grand street','','asheville','nc','28803',7);
insert into student (id,firstname,lastname,street,streetdetail,city,state,postalcode,majorid) values (116,'kasie','stott','7422 aspen street','','baltimore','md','21206',7);
insert into student (id,firstname,lastname,street,streetdetail,city,state,postalcode,majorid) values (117,'jennie','perlmutter','7410 west mill dr.','','point pleasant beach','nj','08742',5);
insert into student (id,firstname,lastname,street,streetdetail,city,state,postalcode,majorid) values (118,'jim','lambrecht','59 orange drive','','bradenton','fl','34203',1);
insert into student (id,firstname,lastname,street,streetdetail,city,state,postalcode,majorid) values (119,'adelia','rew','794 birchpond street','','independence','ky','41051',7);
insert into student (id,firstname,lastname,street,streetdetail,city,state,postalcode,majorid) values (120,'jana','inoue','2 madison ave.','','yonkers','ny','10701',1);
insert into student (id,firstname,lastname,street,streetdetail,city,state,postalcode,majorid) values (121,'nga','rankin','644 sulphur springs st.','','biloxi','ms','39532',5);
insert into student (id,firstname,lastname,street,streetdetail,city,state,postalcode,majorid) values (122,'emerita','gomes','957 jackson st.','','hernando','ms','38632',1);
insert into student (id,firstname,lastname,street,streetdetail,city,state,postalcode,majorid) values (123,'tierra','dykes','7928 cambridge ave.','','port saint lucie','fl','34952',7);
insert into student (id,firstname,lastname,street,streetdetail,city,state,postalcode,majorid) values (124,'marjory','kamer','815 south fulton avenue','','norwich','ct','06360',8);
insert into student (id,firstname,lastname,street,streetdetail,city,state,postalcode,majorid) values (125,'sarita','jeon','77 armstrong street','','westerville','oh','43081',8);
insert into student (id,firstname,lastname,street,streetdetail,city,state,postalcode,majorid) values (126,'katlyn','henrichs','690 essex street','','saint cloud','mn','56301',4);
insert into student (id,firstname,lastname,street,streetdetail,city,state,postalcode,majorid) values (127,'jonelle','baskin','69 pulaski lane','','piqua','oh','45356',7);
insert into student (id,firstname,lastname,street,streetdetail,city,state,postalcode,majorid) values (128,'eloise','suter','7518 west nut swamp drive','','huntsville','al','35803',5);
insert into student (id,firstname,lastname,street,streetdetail,city,state,postalcode,majorid) values (129,'sharilyn','chmura','64 rosewood drive','','savannah','ga','31404',7);
insert into student (id,firstname,lastname,street,streetdetail,city,state,postalcode,majorid) values (130,'zachery','flores','8993 lincoln st.','','chicago','il','60621',1);
insert into student (id,firstname,lastname,street,streetdetail,city,state,postalcode,majorid) values (131,'fredda','utley','384 rockcrest court','','royersford','pa','19468',1);
insert into student (id,firstname,lastname,street,streetdetail,city,state,postalcode,majorid) values (132,'israel','eisenstein','54 w. 8th st.','','glendale','az','85302',7);
insert into student (id,firstname,lastname,street,streetdetail,city,state,postalcode,majorid) values (133,'twanda','towsend','8332 south cottage dr.','','hempstead','ny','11550',1);
insert into student (id,firstname,lastname,street,streetdetail,city,state,postalcode,majorid) values (134,'sigrid','cardwell','57 st louis dr.','','chelsea','ma','02150',6);
insert into student (id,firstname,lastname,street,streetdetail,city,state,postalcode,majorid) values (135,'vida','stubbs','52 sw. ohio ave.','','dothan','al','36301',8);
insert into student (id,firstname,lastname,street,streetdetail,city,state,postalcode,majorid) values (136,'elroy','chynoweth','529 nw. mulberry lane','','maplewood','nj','07040',4);
insert into student (id,firstname,lastname,street,streetdetail,city,state,postalcode,majorid) values (137,'chet','uber','778 carriage street','','middle river','md','21220',4);
insert into student (id,firstname,lastname,street,streetdetail,city,state,postalcode,majorid) values (138,'mai','leonardo','8587 e. lyme st.','','haines city','fl','33844',5);
insert into student (id,firstname,lastname,street,streetdetail,city,state,postalcode,majorid) values (139,'mercy','meas','883 bridgeton st.','','kennewick','wa','99337',4);
insert into student (id,firstname,lastname,street,streetdetail,city,state,postalcode,majorid) values (140,'maricruz','redmond','9 trenton st.','','lake jackson','tx','77566',1);
insert into student (id,firstname,lastname,street,streetdetail,city,state,postalcode,majorid) values (141,'leeanna','theiss','8988 addison ave.','','flowery branch','ga','30542',3);
insert into student (id,firstname,lastname,street,streetdetail,city,state,postalcode,majorid) values (142,'jeanie','stefani','87 newcastle dr.','','yuma','az','85365',2);
insert into student (id,firstname,lastname,street,streetdetail,city,state,postalcode,majorid) values (143,'claudia','barclay','9372 north pulaski road','','decatur','ga','30030',6);
insert into student (id,firstname,lastname,street,streetdetail,city,state,postalcode,majorid) values (144,'keshia','judon','7364 carson st.','','miamisburg','oh','45342',7);
insert into student (id,firstname,lastname,street,streetdetail,city,state,postalcode,majorid) values (145,'farah','stovall','8723 gartner st.','','butte','mt','59701',8);
insert into student (id,firstname,lastname,street,streetdetail,city,state,postalcode,majorid) values (146,'sonya','nell','7278 fulton ave.','','franklin square','ny','11010',3);
insert into student (id,firstname,lastname,street,streetdetail,city,state,postalcode,majorid) values (147,'ada','caul','712 ohio ave.','','rockville','md','20850',3);
insert into student (id,firstname,lastname,street,streetdetail,city,state,postalcode,majorid) values (148,'zora','garrison','7294 north manchester dr.','','lexington','nc','27292',7);
insert into student (id,firstname,lastname,street,streetdetail,city,state,postalcode,majorid) values (149,'lezlie','godina','770 oak meadow ave.','','west chester','pa','19380',7);
insert into student (id,firstname,lastname,street,streetdetail,city,state,postalcode,majorid) values (150,'dustin','malchow','8837 n. arlington drive','','westerville','oh','43081',1);
insert into student (id,firstname,lastname,street,streetdetail,city,state,postalcode,majorid) values (151,'retta','saunders','35 e. pineknoll ave.','','columbus','ga','31904',3);
insert into student (id,firstname,lastname,street,streetdetail,city,state,postalcode,majorid) values (152,'ardelle','vining','22 cleveland lane','','cranberry twp','pa','16066',6);
insert into student (id,firstname,lastname,street,streetdetail,city,state,postalcode,majorid) values (153,'renna','shedd','7385 west rockcrest st.','','new bedford','ma','02740',4);
insert into student (id,firstname,lastname,street,streetdetail,city,state,postalcode,majorid) values (154,'krystle','kerfien','9285 bellevue street','','south richmond hill','ny','11419',7);
insert into student (id,firstname,lastname,street,streetdetail,city,state,postalcode,majorid) values (155,'adelaide','coonrod','47 van dyke avenue','','traverse city','mi','49684',3);
insert into student (id,firstname,lastname,street,streetdetail,city,state,postalcode,majorid) values (156,'carisa','brewton','34 shadow brook avenue','','boynton beach','fl','33435',3);
insert into student (id,firstname,lastname,street,streetdetail,city,state,postalcode,majorid) values (157,'corie','garza','8491 n. addison st.','','frankfort','ky','40601',3);
insert into student (id,firstname,lastname,street,streetdetail,city,state,postalcode,majorid) values (158,'january','coons','13 cooper st.','','memphis','tn','38106',1);
insert into student (id,firstname,lastname,street,streetdetail,city,state,postalcode,majorid) values (159,'nedra','hauser','52 buckingham rd.','','lincoln','ne','68506',5);
insert into student (id,firstname,lastname,street,streetdetail,city,state,postalcode,majorid) values (160,'hyacinth','slankard','272 cedar ave.','','knoxville','tn','37918',7);
insert into student (id,firstname,lastname,street,streetdetail,city,state,postalcode,majorid) values (161,'floyd','lykins','8293 mayfair drive','','basking ridge','nj','07920',3);
insert into student (id,firstname,lastname,street,streetdetail,city,state,postalcode,majorid) values (162,'elke','sheperd','163 west st.','','santa clara','ca','95050',2);
insert into student (id,firstname,lastname,street,streetdetail,city,state,postalcode,majorid) values (163,'nichole','greear','587 selby st.','','vienna','va','22180',5);
insert into student (id,firstname,lastname,street,streetdetail,city,state,postalcode,majorid) values (164,'bao','belford','22 railroad dr.','','kansas city','mo','64151',3);
insert into student (id,firstname,lastname,street,streetdetail,city,state,postalcode,majorid) values (165,'randa','hem','487 east colonial lane','','floral park','ny','11001',5);
insert into student (id,firstname,lastname,street,streetdetail,city,state,postalcode,majorid) values (166,'gearldine','veith','885 rocky river ave.','','suffolk','va','23434',2);
insert into student (id,firstname,lastname,street,streetdetail,city,state,postalcode,majorid) values (167,'wilburn','accardo','58 randall mill ave.','','metairie','la','70001',2);
insert into student (id,firstname,lastname,street,streetdetail,city,state,postalcode,majorid) values (168,'jina','hemminger','932 north saxton drive','','union city','nj','07087',7);
insert into student (id,firstname,lastname,street,streetdetail,city,state,postalcode,majorid) values (169,'stepanie','gephart','605c lakeview road','','willoughby','oh','44094',1);
insert into student (id,firstname,lastname,street,streetdetail,city,state,postalcode,majorid) values (170,'shelby','cotner','3 kirkland st.','','ossining','ny','10562',1);
insert into student (id,firstname,lastname,street,streetdetail,city,state,postalcode,majorid) values (171,'heath','burkart','8415 canal court','','avon','in','46123',6);
insert into student (id,firstname,lastname,street,streetdetail,city,state,postalcode,majorid) values (172,'cathrine','pinkett','967 logan street','','addison','il','60101',7);
insert into student (id,firstname,lastname,street,streetdetail,city,state,postalcode,majorid) values (173,'mica','earley','7981 south beacon rd.','','lincoln','ne','68506',7);
insert into student (id,firstname,lastname,street,streetdetail,city,state,postalcode,majorid) values (174,'marilynn','daigneault','8972 prince dr.','','elk river','mn','55330',6);
insert into student (id,firstname,lastname,street,streetdetail,city,state,postalcode,majorid) values (175,'jone','nicely','35 gates ave.','','palm beach gardens','fl','33410',5);
insert into student (id,firstname,lastname,street,streetdetail,city,state,postalcode,majorid) values (176,'chae','stiller','318 fairground street','','norwich','ct','06360',7);
insert into student (id,firstname,lastname,street,streetdetail,city,state,postalcode,majorid) values (177,'ira','letendre','90 lakewood st.','','atwater','ca','95301',6);
insert into student (id,firstname,lastname,street,streetdetail,city,state,postalcode,majorid) values (178,'kassandra','carrier','9768 north william ave.','','new hyde park','ny','11040',5);
insert into student (id,firstname,lastname,street,streetdetail,city,state,postalcode,majorid) values (179,'rosie','centeno','93 cardinal drive','','hightstown','nj','08520',7);
insert into student (id,firstname,lastname,street,streetdetail,city,state,postalcode,majorid) values (180,'kassie','lanphere','368 rockwell street','','beloit','wi','53511',3);
insert into student (id,firstname,lastname,street,streetdetail,city,state,postalcode,majorid) values (181,'lynsey','santillanes','442 hall rd.','','owensboro','ky','42301',3);
insert into student (id,firstname,lastname,street,streetdetail,city,state,postalcode,majorid) values (182,'keenan','washburn','1 cedar swamp drive','','lombard','il','60148',2);
insert into student (id,firstname,lastname,street,streetdetail,city,state,postalcode,majorid) values (183,'ashlie','laclair','7329 homestead ave.','','hicksville','ny','11801',1);
insert into student (id,firstname,lastname,street,streetdetail,city,state,postalcode,majorid) values (184,'alta','dennis','7124 n. front drive','','chattanooga','tn','37421',2);
insert into student (id,firstname,lastname,street,streetdetail,city,state,postalcode,majorid) values (185,'gabrielle','basel','8626 lake view street','','phillipsburg','nj','08865',5);
insert into student (id,firstname,lastname,street,streetdetail,city,state,postalcode,majorid) values (186,'barbra','farwell','7708 oakwood st.','','satellite beach','fl','32937',1);
insert into student (id,firstname,lastname,street,streetdetail,city,state,postalcode,majorid) values (187,'quiana','thompson','7874 jefferson rd.','','baldwin','ny','11510',8);
insert into student (id,firstname,lastname,street,streetdetail,city,state,postalcode,majorid) values (188,'roxanne','kuehne','97 marvon street','','oak lawn','il','60453',2);
insert into student (id,firstname,lastname,street,streetdetail,city,state,postalcode,majorid) values (189,'casandra','feltmann','138 peninsula road','','superior','wi','54880',7);
insert into student (id,firstname,lastname,street,streetdetail,city,state,postalcode,majorid) values (190,'sueann','wagner','9610 rockcrest court','','san pablo','ca','94806',7);
insert into student (id,firstname,lastname,street,streetdetail,city,state,postalcode,majorid) values (191,'garth','knaus','9055 w. winchester road','','fort lauderdale','fl','33308',2);
insert into student (id,firstname,lastname,street,streetdetail,city,state,postalcode,majorid) values (192,'freida','banvelos','190 military rd.','','upper marlboro','md','20772',5);
insert into student (id,firstname,lastname,street,streetdetail,city,state,postalcode,majorid) values (193,'camille','chauez','7386 church rd.','','warren','mi','48089',4);
insert into student (id,firstname,lastname,street,streetdetail,city,state,postalcode,majorid) values (194,'shayna','mccluney','768 hall street','','mason','oh','45040',3);
insert into student (id,firstname,lastname,street,streetdetail,city,state,postalcode,majorid) values (195,'jeanetta','hilaire','36 miles ave.','','lansdowne','pa','19050',6);
insert into student (id,firstname,lastname,street,streetdetail,city,state,postalcode,majorid) values (196,'malika','perreira','1 depot st.','','fort mill','sc','29708',1);
insert into student (id,firstname,lastname,street,streetdetail,city,state,postalcode,majorid) values (197,'jesse','lowrance','3 university lane','','atwater','ca','95301',5);
insert into student (id,firstname,lastname,street,streetdetail,city,state,postalcode,majorid) values (198,'faviola','malm','37 la sierra st.','','glastonbury','ct','06033',8);
insert into student (id,firstname,lastname,street,streetdetail,city,state,postalcode,majorid) values (199,'laurena','wydra','361 taylor road','','deltona','fl','32725',3);
insert into student (id,firstname,lastname,street,streetdetail,city,state,postalcode,majorid) values (200,'chet','ditmore','7798 goldfield st.','','hudsonville','mi','49426',7);
insert into student (id,firstname,lastname,street,streetdetail,city,state,postalcode,majorid) values (201,'lyman','cumbo','450 beech lane','','des moines','ia','50310',1);
insert into student (id,firstname,lastname,street,streetdetail,city,state,postalcode,majorid) values (202,'kathey','miner','727 miles dr.','','wethersfield','ct','06109',4);
insert into student (id,firstname,lastname,street,streetdetail,city,state,postalcode,majorid) values (203,'leonore','summerville','511 beach rd.','','waterloo','ia','50701',3);
insert into student (id,firstname,lastname,street,streetdetail,city,state,postalcode,majorid) values (204,'angla','clukey','8588 whitemarsh ave.','','champaign','il','61821',8);
insert into student (id,firstname,lastname,street,streetdetail,city,state,postalcode,majorid) values (205,'dorene','warlick','906 kirkland street','','bowling green','ky','42101',3);
insert into student (id,firstname,lastname,street,streetdetail,city,state,postalcode,majorid) values (206,'kerrie','hayne','68 cooper court','','rock hill','sc','29730',6);
insert into student (id,firstname,lastname,street,streetdetail,city,state,postalcode,majorid) values (207,'zella','acklin','67 windsor st.','','lithonia','ga','30038',6);
insert into student (id,firstname,lastname,street,streetdetail,city,state,postalcode,majorid) values (208,'charlsie','falcone','8779 hawthorne street','','chesterfield','va','23832',1);
insert into student (id,firstname,lastname,street,streetdetail,city,state,postalcode,majorid) values (209,'marlyn','segers','3 pheasant lane','','cape coral','fl','33904',3);
insert into student (id,firstname,lastname,street,streetdetail,city,state,postalcode,majorid) values (210,'natalya','luebke','568 south thomas street','','inman','sc','29349',4);
insert into student (id,firstname,lastname,street,streetdetail,city,state,postalcode,majorid) values (211,'tiffani','hillsman','9552 swanson st.','','west roxbury','ma','02132',7);
insert into student (id,firstname,lastname,street,streetdetail,city,state,postalcode,majorid) values (212,'patience','hofer','224 wilson st.','','centreville','va','20120',8);
insert into student (id,firstname,lastname,street,streetdetail,city,state,postalcode,majorid) values (213,'rodrigo','marzette','823 miles dr.','','newton','nj','07860',2);
insert into student (id,firstname,lastname,street,streetdetail,city,state,postalcode,majorid) values (214,'eboni','watt','400 edgemont st.','','winona','mn','55987',4);
insert into student (id,firstname,lastname,street,streetdetail,city,state,postalcode,majorid) values (215,'marissa','kuck','43 blackburn avenue','','conway','sc','29526',8);
insert into student (id,firstname,lastname,street,streetdetail,city,state,postalcode,majorid) values (216,'tristan','magnani','797 lake forest st.','','whitehall','pa','18052',8);
insert into student (id,firstname,lastname,street,streetdetail,city,state,postalcode,majorid) values (217,'loura','vise','93 grove st.','','port orange','fl','32127',6);
insert into student (id,firstname,lastname,street,streetdetail,city,state,postalcode,majorid) values (218,'griselda','orwig','8248 heritage ave.','','bloomington','in','47401',3);
insert into student (id,firstname,lastname,street,streetdetail,city,state,postalcode,majorid) values (219,'maranda','bobadilla','71 glenwood st.','','deltona','fl','32725',1);
insert into student (id,firstname,lastname,street,streetdetail,city,state,postalcode,majorid) values (220,'pauline','woodberry','8892 shore st.','','olney','md','20832',5);
insert into student (id,firstname,lastname,street,streetdetail,city,state,postalcode,majorid) values (221,'fernanda','leet','19 high ridge rd.','','wantagh','ny','11793',6);
insert into student (id,firstname,lastname,street,streetdetail,city,state,postalcode,majorid) values (222,'randi','hoglund','8168 green street','','randallstown','md','21133',8);
insert into student (id,firstname,lastname,street,streetdetail,city,state,postalcode,majorid) values (223,'lorriane','viloria','806 south eagle avenue','','rockledge','fl','32955',1);
insert into student (id,firstname,lastname,street,streetdetail,city,state,postalcode,majorid) values (224,'vincenza','robin','47 north harvard st.','','akron','oh','44312',3);
insert into student (id,firstname,lastname,street,streetdetail,city,state,postalcode,majorid) values (225,'micheal','liberatore','206 morris ave.','','ocean springs','ms','39564',1);
insert into student (id,firstname,lastname,street,streetdetail,city,state,postalcode,majorid) values (226,'marion','glass','13 ocean ave.','','warren','mi','48089',2);
insert into student (id,firstname,lastname,street,streetdetail,city,state,postalcode,majorid) values (227,'johanne','bacote','21 sw. richardson street','','englewood','nj','07631',4);
insert into student (id,firstname,lastname,street,streetdetail,city,state,postalcode,majorid) values (228,'jeannette','kleckner','22 n. hartford st.','','schaumburg','il','60193',5);
insert into student (id,firstname,lastname,street,streetdetail,city,state,postalcode,majorid) values (229,'avril','marshburn','439 amherst st.','','dickson','tn','37055',5);
insert into student (id,firstname,lastname,street,streetdetail,city,state,postalcode,majorid) values (230,'shawnna','kiddy','622 ashley drive','apt 35','zeeland','mi','49464',5);
insert into student (id,firstname,lastname,street,streetdetail,city,state,postalcode,majorid) values (231,'samual','petty','772 s. myrtle st.','','evanston','il','60201',5);
insert into student (id,firstname,lastname,street,streetdetail,city,state,postalcode,majorid) values (232,'jo','buechner','7225b henry st.','','great falls','mt','59404',1);
insert into student (id,firstname,lastname,street,streetdetail,city,state,postalcode,majorid) values (233,'henry','demery','9223 smith store drive','','bay shore','ny','11706',4);
insert into student (id,firstname,lastname,street,streetdetail,city,state,postalcode,majorid) values (234,'sallie','granderson','52 alderwood avenue','','hartselle','al','35640',6);
insert into student (id,firstname,lastname,street,streetdetail,city,state,postalcode,majorid) values (235,'valeria','vassel','442 miller st.','','naugatuck','ct','06770',1);
insert into student (id,firstname,lastname,street,streetdetail,city,state,postalcode,majorid) values (236,'georgene','wadkins','295 leatherwood street','','boston','ma','02127',5);
insert into student (id,firstname,lastname,street,streetdetail,city,state,postalcode,majorid) values (237,'ilse','persing','191 central dr.','','starkville','ms','39759',7);
insert into student (id,firstname,lastname,street,streetdetail,city,state,postalcode,majorid) values (238,'weldon','philbrook','900 west golf street','','monroeville','pa','15146',5);
insert into student (id,firstname,lastname,street,streetdetail,city,state,postalcode,majorid) values (239,'debera','butner','752 halifax st.','','loveland','oh','45140',1);
insert into student (id,firstname,lastname,street,streetdetail,city,state,postalcode,majorid) values (240,'tara','hubbs','291 cactus court','','maryville','tn','37803',8);
insert into student (id,firstname,lastname,street,streetdetail,city,state,postalcode,majorid) values (241,'arline','lisowski','8346 east new saddle st.','','olympia','wa','98512',2);
insert into student (id,firstname,lastname,street,streetdetail,city,state,postalcode,majorid) values (242,'bryce','honea','8 bohemia street','','millville','nj','08332',5);
insert into student (id,firstname,lastname,street,streetdetail,city,state,postalcode,majorid) values (243,'maisie','guel','849 durham street','','fort lauderdale','fl','33308',2);
insert into student (id,firstname,lastname,street,streetdetail,city,state,postalcode,majorid) values (244,'garrett','chasse','4 n. garfield lane','','whitestone','ny','11357',4);
insert into student (id,firstname,lastname,street,streetdetail,city,state,postalcode,majorid) values (245,'julius','bertsch','46 vernon dr.','','nazareth','pa','18064',7);
insert into student (id,firstname,lastname,street,streetdetail,city,state,postalcode,majorid) values (246,'lisbeth','gamet','8360 pulaski st.','','branford','ct','06405',3);
insert into student (id,firstname,lastname,street,streetdetail,city,state,postalcode,majorid) values (247,'ruthanne','petersen','7390 cactus st.','','neptune','nj','07753',8);
insert into student (id,firstname,lastname,street,streetdetail,city,state,postalcode,majorid) values (248,'dante','fabrizio','11 winding way rd.','','amityville','ny','11701',2);
insert into student (id,firstname,lastname,street,streetdetail,city,state,postalcode,majorid) values (249,'colene','shupp','7263 longfellow street','','bridgewater','nj','08807',7);
insert into student (id,firstname,lastname,street,streetdetail,city,state,postalcode,majorid) values (250,'alia','stenson','7997 cemetery ave.','','aiken','sc','29803',2);
insert into student (id,firstname,lastname,street,streetdetail,city,state,postalcode,majorid) values (251,'davida','vanpelt','9274 greystone avenue','','moses lake','wa','98837',3);
insert into student (id,firstname,lastname,street,streetdetail,city,state,postalcode,majorid) values (252,'maxine','restivo','287 west shub farm rd.','','carol stream','il','60188',5);
insert into student (id,firstname,lastname,street,streetdetail,city,state,postalcode,majorid) values (253,'cathey','groom','552 hill field street','','merrillville','in','46410',2);
insert into student (id,firstname,lastname,street,streetdetail,city,state,postalcode,majorid) values (254,'bertha','callas','8830 longfellow drive','','loganville','ga','30052',1);
insert into student (id,firstname,lastname,street,streetdetail,city,state,postalcode,majorid) values (255,'suzy','start','863 pierce street','','holland','mi','49423',8);
insert into student (id,firstname,lastname,street,streetdetail,city,state,postalcode,majorid) values (256,'wiley','horvath','770 pin oak lane','','newport news','va','23601',7);
insert into student (id,firstname,lastname,street,streetdetail,city,state,postalcode,majorid) values (257,'reyes','fackler','7501 fifth ave.','','dublin','ga','31021',4);
insert into student (id,firstname,lastname,street,streetdetail,city,state,postalcode,majorid) values (258,'len','kong','893 3rd ave.','','bensalem','pa','19020',4);
insert into student (id,firstname,lastname,street,streetdetail,city,state,postalcode,majorid) values (259,'bret','marino','661 augusta court','','warren','mi','48089',1);
insert into student (id,firstname,lastname,street,streetdetail,city,state,postalcode,majorid) values (260,'yvonne','mcconville','391 bridge court','','dayton','oh','45420',5);
insert into student (id,firstname,lastname,street,streetdetail,city,state,postalcode,majorid) values (261,'lorena','rooney','4 plumb branch dr.','','new rochelle','ny','10801',8);
insert into student (id,firstname,lastname,street,streetdetail,city,state,postalcode,majorid) values (262,'edyth','trostle','463b south queen lane','','harleysville','pa','19438',5);
insert into student (id,firstname,lastname,street,streetdetail,city,state,postalcode,majorid) values (263,'phoebe','gonce','7922 east ave.','','bloomfield','nj','07003',6);
insert into student (id,firstname,lastname,street,streetdetail,city,state,postalcode,majorid) values (264,'carmon','rosenzweig','7475 bayport street','','orlando','fl','32806',6);
insert into student (id,firstname,lastname,street,streetdetail,city,state,postalcode,majorid) values (265,'neely','kwiatkowski','9024 york road','','leominster','ma','01453',2);
insert into student (id,firstname,lastname,street,streetdetail,city,state,postalcode,majorid) values (266,'min','macias','60 lakeshore ave.','','ballston spa','ny','12020',6);
insert into student (id,firstname,lastname,street,streetdetail,city,state,postalcode,majorid) values (267,'ima','wolter','8458 randall mill ave.','','auburndale','fl','33823',4);
insert into student (id,firstname,lastname,street,streetdetail,city,state,postalcode,majorid) values (268,'willene','upton','2 constitution ave.','','woodhaven','ny','11421',1);
insert into student (id,firstname,lastname,street,streetdetail,city,state,postalcode,majorid) values (269,'aurora','mcentire','395 lancaster st.','','palm beach gardens','fl','33410',2);
insert into student (id,firstname,lastname,street,streetdetail,city,state,postalcode,majorid) values (270,'jackeline','villalba','14 arcadia st.','','cheshire','ct','06410',8);
insert into student (id,firstname,lastname,street,streetdetail,city,state,postalcode,majorid) values (271,'lizzie','kollar','86 border street','','new kensington','pa','15068',8);
insert into student (id,firstname,lastname,street,streetdetail,city,state,postalcode,majorid) values (272,'debrah','burrus','738 wilson st.','','cincinnati','oh','45211',7);
insert into student (id,firstname,lastname,street,streetdetail,city,state,postalcode,majorid) values (273,'linnie','lieberman','905 west marshall ave.','','rockledge','fl','32955',3);
insert into student (id,firstname,lastname,street,streetdetail,city,state,postalcode,majorid) values (274,'irish','theroux','933 hill lane','','elmont','ny','11003',3);
insert into student (id,firstname,lastname,street,streetdetail,city,state,postalcode,majorid) values (275,'sulema','crass','789 belmont ave.','','marysville','oh','43040',8);
insert into student (id,firstname,lastname,street,streetdetail,city,state,postalcode,majorid) values (276,'malka','darrow','306 heritage ave.','','clayton','nc','27520',1);
insert into student (id,firstname,lastname,street,streetdetail,city,state,postalcode,majorid) values (277,'martin','condit','90 silver spear road','','evansville','in','47711',5);
insert into student (id,firstname,lastname,street,streetdetail,city,state,postalcode,majorid) values (278,'avery','stayton','98 high ridge street','','rocky mount','nc','27804',4);
insert into student (id,firstname,lastname,street,streetdetail,city,state,postalcode,majorid) values (279,'aubrey','larochelle','655 lakeview st.','','ponte vedra beach','fl','32082',5);
insert into student (id,firstname,lastname,street,streetdetail,city,state,postalcode,majorid) values (280,'bob','spray','8108 peninsula rd.','','meadville','pa','16335',5);
insert into student (id,firstname,lastname,street,streetdetail,city,state,postalcode,majorid) values (281,'tawny','popham','8440 bishop st.','','gaithersburg','md','20877',1);
insert into student (id,firstname,lastname,street,streetdetail,city,state,postalcode,majorid) values (282,'nannette','feaster','30 roberts lane','','camden','nj','08105',4);
insert into student (id,firstname,lastname,street,streetdetail,city,state,postalcode,majorid) values (283,'dedra','raybon','45 illinois st.','','alexandria','va','22304',3);
insert into student (id,firstname,lastname,street,streetdetail,city,state,postalcode,majorid) values (284,'tran','holm','129 york drive','','roy','ut','84067',8);
insert into student (id,firstname,lastname,street,streetdetail,city,state,postalcode,majorid) values (285,'gino','marano','13 vernon lane','','valrico','fl','33594',1);
insert into student (id,firstname,lastname,street,streetdetail,city,state,postalcode,majorid) values (286,'joya','lasker','865 surrey rd.','','banning','ca','92220',2);
insert into student (id,firstname,lastname,street,streetdetail,city,state,postalcode,majorid) values (287,'jona','seaman','171 north bear hill ave.','','cumberland','ri','02864',1);
insert into student (id,firstname,lastname,street,streetdetail,city,state,postalcode,majorid) values (288,'ena','beckel','92 west westport street','','onalaska','wi','54650',3);
insert into student (id,firstname,lastname,street,streetdetail,city,state,postalcode,majorid) values (289,'ivonne','pappan','15 lakewood court','','new bedford','ma','02740',7);
insert into student (id,firstname,lastname,street,streetdetail,city,state,postalcode,majorid) values (290,'delcie','muth','8523 bohemia street','','goose creek','sc','29445',5);
insert into student (id,firstname,lastname,street,streetdetail,city,state,postalcode,majorid) values (291,'maribeth','semon','28 highland st.','','new rochelle','ny','10801',2);
insert into student (id,firstname,lastname,street,streetdetail,city,state,postalcode,majorid) values (292,'allan','paulette','844 edgewood ave.','','grand blanc','mi','48439',4);
insert into student (id,firstname,lastname,street,streetdetail,city,state,postalcode,majorid) values (293,'angeles','lamont','79 nut swamp circle','','largo','fl','33771',3);
insert into student (id,firstname,lastname,street,streetdetail,city,state,postalcode,majorid) values (294,'eddy','banister','7450 race street','','acworth','ga','30101',1);
insert into student (id,firstname,lastname,street,streetdetail,city,state,postalcode,majorid) values (295,'shaunta','micco','9065 west mountainview street','','dearborn','mi','48124',7);
insert into student (id,firstname,lastname,street,streetdetail,city,state,postalcode,majorid) values (296,'france','daoust','723 west valley st.','','brockton','ma','02301',5);
insert into student (id,firstname,lastname,street,streetdetail,city,state,postalcode,majorid) values (297,'rosita','laporte','9991 south griffin street','','pottstown','pa','19464',1);
insert into student (id,firstname,lastname,street,streetdetail,city,state,postalcode,majorid) values (298,'nancie','mealer','64 rockledge ave.','','maplewood','nj','07040',1);
insert into student (id,firstname,lastname,street,streetdetail,city,state,postalcode,majorid) values (299,'jeremiah','ostrowski','7814 peg shop st.','','taunton','ma','02780',4);
insert into student (id,firstname,lastname,street,streetdetail,city,state,postalcode,majorid) values (300,'maximina','moe','87 fifth street','','boynton beach','fl','33435',6);
insert into student (id,firstname,lastname,street,streetdetail,city,state,postalcode,majorid) values (301,'leonardo','baldwin','803 blackburn lane','','new york','ny','10002',6);
insert into student (id,firstname,lastname,street,streetdetail,city,state,postalcode,majorid) values (302,'rodolfo','galipeau','9 north park avenue','','rossville','ga','30741',6);
insert into student (id,firstname,lastname,street,streetdetail,city,state,postalcode,majorid) values (303,'fernanda','louden','7497 prince ave.','','flint','mi','48504',2);
insert into student (id,firstname,lastname,street,streetdetail,city,state,postalcode,majorid) values (304,'clair','brezinski','9348 8th street','','new hyde park','ny','11040',4);
insert into student (id,firstname,lastname,street,streetdetail,city,state,postalcode,majorid) values (305,'rolande','gunnels','37 wall st.','','tupelo','ms','38801',2);
insert into student (id,firstname,lastname,street,streetdetail,city,state,postalcode,majorid) values (306,'maye','gullette','82 south state dr.','','minot','nd','58701',4);
insert into student (id,firstname,lastname,street,streetdetail,city,state,postalcode,majorid) values (307,'antonetta','mund','8634 fairground road','','westerville','oh','43081',2);
insert into student (id,firstname,lastname,street,streetdetail,city,state,postalcode,majorid) values (308,'lauralee','harlin','356 linden st.','','pleasanton','ca','94566',3);
insert into student (id,firstname,lastname,street,streetdetail,city,state,postalcode,majorid) values (309,'alline','creager','55 lawrence court','','cumberland','ri','02864',4);
insert into student (id,firstname,lastname,street,streetdetail,city,state,postalcode,majorid) values (310,'camellia','razor','411 1st st.','','carrollton','ga','30117',5);
insert into student (id,firstname,lastname,street,streetdetail,city,state,postalcode,majorid) values (311,'kayleen','merriweather','24 amerige dr.','','doylestown','pa','18901',5);
insert into student (id,firstname,lastname,street,streetdetail,city,state,postalcode,majorid) values (312,'richard','pina','7464 mayfair st.','','hopkins','mn','55343',8);
insert into student (id,firstname,lastname,street,streetdetail,city,state,postalcode,majorid) values (313,'mimi','dozal','9409 amherst court','','jacksonville','nc','28540',7);
insert into student (id,firstname,lastname,street,streetdetail,city,state,postalcode,majorid) values (314,'alonzo','licht','821 princeton street','','chelmsford','ma','01824',8);
insert into student (id,firstname,lastname,street,streetdetail,city,state,postalcode,majorid) values (315,'brock','hafer','44 border lane','','east orange','nj','07017',8);
insert into student (id,firstname,lastname,street,streetdetail,city,state,postalcode,majorid) values (316,'loretta','denmark','9428 cactus ave.','','calhoun','ga','30701',3);
insert into student (id,firstname,lastname,street,streetdetail,city,state,postalcode,majorid) values (317,'theresa','stmarie','425 oxford dr.','','paducah','ky','42001',4);
insert into student (id,firstname,lastname,street,streetdetail,city,state,postalcode,majorid) values (318,'marlys','kivi','8013 n. garfield street','','vienna','va','22180',1);
insert into student (id,firstname,lastname,street,streetdetail,city,state,postalcode,majorid) values (319,'shandra','gochenour','85 second dr.','','bridgeport','ct','06606',1);
insert into student (id,firstname,lastname,street,streetdetail,city,state,postalcode,majorid) values (320,'mendy','harrah','708 richardson st.','','macon','ga','31204',6);
insert into student (id,firstname,lastname,street,streetdetail,city,state,postalcode,majorid) values (321,'nathalie','hudock','75 creekside ave.','','granger','in','46530',6);
insert into student (id,firstname,lastname,street,streetdetail,city,state,postalcode,majorid) values (322,'genna','cullum','9909 w. border drive','','east stroudsburg','pa','18301',3);
insert into student (id,firstname,lastname,street,streetdetail,city,state,postalcode,majorid) values (323,'kristen','catalan','84 warren st.','','onalaska','wi','54650',3);
insert into student (id,firstname,lastname,street,streetdetail,city,state,postalcode,majorid) values (324,'teri','hartzler','94 south blackburn ave.','','pikesville','md','21208',1);
insert into student (id,firstname,lastname,street,streetdetail,city,state,postalcode,majorid) values (325,'jasmin','shadduck','4 shirley ave.','','ashland','oh','44805',2);
insert into student (id,firstname,lastname,street,streetdetail,city,state,postalcode,majorid) values (326,'jeff','sabala','58 tailwater avenue','','bradenton','fl','34203',8);
insert into student (id,firstname,lastname,street,streetdetail,city,state,postalcode,majorid) values (327,'donald','rose','9997 cactus dr.','','teaneck','nj','07666',6);
insert into student (id,firstname,lastname,street,streetdetail,city,state,postalcode,majorid) values (328,'emelina','boddy','184 henry st.','','belleville','nj','07109',1);
insert into student (id,firstname,lastname,street,streetdetail,city,state,postalcode,majorid) values (329,'kathline','trowell','90 e. coffee ave.','','la vergne','tn','37086',7);
insert into student (id,firstname,lastname,street,streetdetail,city,state,postalcode,majorid) values (330,'kevin','bohland','23 bow ridge st.','','victoria','tx','77904',5);
insert into student (id,firstname,lastname,street,streetdetail,city,state,postalcode,majorid) values (331,'paige','petitt','5 newbridge st.','','chattanooga','tn','37421',2);
insert into student (id,firstname,lastname,street,streetdetail,city,state,postalcode,majorid) values (332,'rowena','trembley','9111 north saxton street','','harrison township','mi','48045',6);
insert into student (id,firstname,lastname,street,streetdetail,city,state,postalcode,majorid) values (333,'adan','dabbs','56 summerhouse street','','amsterdam','ny','12010',5);
insert into student (id,firstname,lastname,street,streetdetail,city,state,postalcode,majorid) values (334,'chance','buscher','18 south heather drive','','terre haute','in','47802',1);
insert into student (id,firstname,lastname,street,streetdetail,city,state,postalcode,majorid) values (335,'myrtie','karnes','53 cambridge lane','','pasadena','md','21122',1);
insert into student (id,firstname,lastname,street,streetdetail,city,state,postalcode,majorid) values (336,'carlie','nodal','9574 pendergast court','','ottumwa','ia','52501',3);
insert into student (id,firstname,lastname,street,streetdetail,city,state,postalcode,majorid) values (337,'keira','laudenslager','8196 cherry hill dr.','','englishtown','nj','07726',2);
insert into student (id,firstname,lastname,street,streetdetail,city,state,postalcode,majorid) values (338,'lakeesha','schrock','29 depot ave.','','elmhurst','ny','11373',3);
insert into student (id,firstname,lastname,street,streetdetail,city,state,postalcode,majorid) values (339,'kristal','mclester','99 n. cobblestone rd.','','antioch','tn','37013',1);
insert into student (id,firstname,lastname,street,streetdetail,city,state,postalcode,majorid) values (340,'joan','tena','800 ne. manor station court','','marshalltown','ia','50158',7);
insert into student (id,firstname,lastname,street,streetdetail,city,state,postalcode,majorid) values (341,'tori','marrinan','630 s. railroad ave.','','bakersfield','ca','93306',1);
insert into student (id,firstname,lastname,street,streetdetail,city,state,postalcode,majorid) values (342,'evan','mccary','874 marshall rd.','','washington','pa','15301',8);
insert into student (id,firstname,lastname,street,streetdetail,city,state,postalcode,majorid) values (343,'krysta','fullen','9923 peninsula avenue','','perth amboy','nj','08861',1);
insert into student (id,firstname,lastname,street,streetdetail,city,state,postalcode,majorid) values (344,'alan','demartino','77 heather st.','','woodside','ny','11377',1);
insert into student (id,firstname,lastname,street,streetdetail,city,state,postalcode,majorid) values (345,'hoyt','matheny','7259 harrison street','','derby','ks','67037',1);
insert into student (id,firstname,lastname,street,streetdetail,city,state,postalcode,majorid) values (346,'ricky','cantwell','7260 s. dunbar court','','leland','nc','28451',1);
insert into student (id,firstname,lastname,street,streetdetail,city,state,postalcode,majorid) values (347,'caterina','mccrory','7541 south bradford ave.','','hopewell','va','23860',1);
insert into student (id,firstname,lastname,street,streetdetail,city,state,postalcode,majorid) values (348,'tracy','allin','8876 glenlake street','','parsippany','nj','07054',6);
insert into student (id,firstname,lastname,street,streetdetail,city,state,postalcode,majorid) values (349,'naida','sheppard','2 main st.','','smithtown','ny','11787',3);
insert into student (id,firstname,lastname,street,streetdetail,city,state,postalcode,majorid) values (350,'caryn','abdallah','728 silver spear ave.','','passaic','nj','07055',4);
insert into student (id,firstname,lastname,street,streetdetail,city,state,postalcode,majorid) values (351,'kirstie','basile','7450 border st.','','casselberry','fl','32707',4);
insert into student (id,firstname,lastname,street,streetdetail,city,state,postalcode,majorid) values (352,'ronny','dublin','948 warren dr.','','port richey','fl','34668',5);
insert into student (id,firstname,lastname,street,streetdetail,city,state,postalcode,majorid) values (353,'taneka','matula','746 philmont drive','suite 5','murfreesboro','tn','37128',8);
insert into student (id,firstname,lastname,street,streetdetail,city,state,postalcode,majorid) values (354,'kera','wemple','224 william st.','','clover','sc','29710',8);
insert into student (id,firstname,lastname,street,streetdetail,city,state,postalcode,majorid) values (355,'tarra','watt','51 east glen creek ave.','','brandon','fl','33510',5);
insert into student (id,firstname,lastname,street,streetdetail,city,state,postalcode,majorid) values (356,'barbra','seo','484 school rd.','','logansport','in','46947',3);
insert into student (id,firstname,lastname,street,streetdetail,city,state,postalcode,majorid) values (357,'aretha','turnipseed','19 glen creek st.','','mansfield','ma','02048',4);
insert into student (id,firstname,lastname,street,streetdetail,city,state,postalcode,majorid) values (358,'chara','renegar','7147 arlington drive','','mokena','il','60448',7);
insert into student (id,firstname,lastname,street,streetdetail,city,state,postalcode,majorid) values (359,'edda','patnode','7527 east brandywine ave.','','central islip','ny','11722',7);
insert into student (id,firstname,lastname,street,streetdetail,city,state,postalcode,majorid) values (360,'kenny','sheffler','61 devonshire lane','','schererville','in','46375',7);
insert into student (id,firstname,lastname,street,streetdetail,city,state,postalcode,majorid) values (361,'francisca','fielden','481 beacon dr.','','peabody','ma','01960',2);
insert into student (id,firstname,lastname,street,streetdetail,city,state,postalcode,majorid) values (362,'val','rosebrook','343 pierce road','','princeton','nj','08540',3);
insert into student (id,firstname,lastname,street,streetdetail,city,state,postalcode,majorid) values (363,'rolanda','binder','8763 stonybrook st.','','gloucester','ma','01930',2);
insert into student (id,firstname,lastname,street,streetdetail,city,state,postalcode,majorid) values (364,'sylvia','darwin','28 west clinton dr.','','park ridge','il','60068',7);
insert into student (id,firstname,lastname,street,streetdetail,city,state,postalcode,majorid) values (365,'mariano','meaders','8373 pendergast ave.','','asbury park','nj','07712',3);
insert into student (id,firstname,lastname,street,streetdetail,city,state,postalcode,majorid) values (366,'yuriko','krizan','51 grand st.','','ridgefield','ct','06877',6);
insert into student (id,firstname,lastname,street,streetdetail,city,state,postalcode,majorid) values (367,'cristal','montalbano','210 euclid lane','','vineland','nj','08360',2);
insert into student (id,firstname,lastname,street,streetdetail,city,state,postalcode,majorid) values (368,'ron','ottman','829 n. hamilton dr.','','lawrence township','nj','08648',1);
insert into student (id,firstname,lastname,street,streetdetail,city,state,postalcode,majorid) values (369,'conchita','leonhardt','8 riverside rd.','','hamtramck','mi','48212',7);
insert into student (id,firstname,lastname,street,streetdetail,city,state,postalcode,majorid) values (370,'kelsi','ketterman','8825 prince drive','','elkhart','in','46514',4);
insert into student (id,firstname,lastname,street,streetdetail,city,state,postalcode,majorid) values (371,'venessa','peppard','350 shub farm street','','fenton','mi','48430',7);
insert into student (id,firstname,lastname,street,streetdetail,city,state,postalcode,majorid) values (372,'yelena','clair','82 linda st.','','woodhaven','ny','11421',3);
insert into student (id,firstname,lastname,street,streetdetail,city,state,postalcode,majorid) values (373,'grisel','batchelor','9640 wakehurst lane','','southaven','ms','38671',6);
insert into student (id,firstname,lastname,street,streetdetail,city,state,postalcode,majorid) values (374,'alison','goza','5 north hilldale street','','bay shore','ny','11706',3);
insert into student (id,firstname,lastname,street,streetdetail,city,state,postalcode,majorid) values (375,'willodean','schnieders','7764 swanson lane','','santa cruz','ca','95060',5);
insert into student (id,firstname,lastname,street,streetdetail,city,state,postalcode,majorid) values (376,'tyra','haymon','7449 virginia street','','yakima','wa','98908',6);
insert into student (id,firstname,lastname,street,streetdetail,city,state,postalcode,majorid) values (377,'samantha','ostendorf','8943 west hickory st.','','mason city','ia','50401',3);
insert into student (id,firstname,lastname,street,streetdetail,city,state,postalcode,majorid) values (378,'maranda','armand','373 harrison drive','','tonawanda','ny','14150',2);
insert into student (id,firstname,lastname,street,streetdetail,city,state,postalcode,majorid) values (379,'frederic','carnegie','345 bear hill ave.','','roslindale','ma','02131',5);
insert into student (id,firstname,lastname,street,streetdetail,city,state,postalcode,majorid) values (380,'vena','krohn','2 golf st.','','oviedo','fl','32765',5);
insert into student (id,firstname,lastname,street,streetdetail,city,state,postalcode,majorid) values (381,'carleen','speakman','78 del monte street','','raleigh','nc','27603',5);
insert into student (id,firstname,lastname,street,streetdetail,city,state,postalcode,majorid) values (382,'maximo','engleman','72 s. lakeview st.','','cleveland','tn','37312',7);
insert into student (id,firstname,lastname,street,streetdetail,city,state,postalcode,majorid) values (383,'tiera','clever','9031 academy road','','hackensack','nj','07601',6);
insert into student (id,firstname,lastname,street,streetdetail,city,state,postalcode,majorid) values (384,'alene','storie','7809 east clark drive','','amityville','ny','11701',1);
insert into student (id,firstname,lastname,street,streetdetail,city,state,postalcode,majorid) values (385,'sammie','lan','361 pennington dr.','','alexandria','va','22304',2);
insert into student (id,firstname,lastname,street,streetdetail,city,state,postalcode,majorid) values (386,'sierra','mayhan','25 birch hill court','','anderson','sc','29621',4);
insert into student (id,firstname,lastname,street,streetdetail,city,state,postalcode,majorid) values (387,'shin','shack','132 cleveland drive','','natick','ma','01760',4);
insert into student (id,firstname,lastname,street,streetdetail,city,state,postalcode,majorid) values (388,'robena','levitt','683 north carpenter road','','royal oak','mi','48067',8);
insert into student (id,firstname,lastname,street,streetdetail,city,state,postalcode,majorid) values (389,'dolly','aubin','9865 selby ave.','','bay city','mi','48706',3);
insert into student (id,firstname,lastname,street,streetdetail,city,state,postalcode,majorid) values (390,'lonna','crispin','53 gregory ave.','','willoughby','oh','44094',8);
insert into student (id,firstname,lastname,street,streetdetail,city,state,postalcode,majorid) values (391,'antony','chess','7155 north hill st.','','southgate','mi','48195',3);
insert into student (id,firstname,lastname,street,streetdetail,city,state,postalcode,majorid) values (392,'donnie','fewell','1 liberty street','','shelton','ct','06484',4);
insert into student (id,firstname,lastname,street,streetdetail,city,state,postalcode,majorid) values (393,'chery','blane','7665 bow ridge street','','ada','ok','74820',2);
insert into student (id,firstname,lastname,street,streetdetail,city,state,postalcode,majorid) values (394,'marlena','schrum','658 w. sherman court','','wallingford','ct','06492',3);
insert into student (id,firstname,lastname,street,streetdetail,city,state,postalcode,majorid) values (395,'joyce','hagemann','763 meadow street','','baton rouge','la','70806',4);
insert into student (id,firstname,lastname,street,streetdetail,city,state,postalcode,majorid) values (396,'cinthia','situ','8334 pleasant st.','','manassas','va','20109',6);
insert into student (id,firstname,lastname,street,streetdetail,city,state,postalcode,majorid) values (397,'moshe','basham','39 se. hanover ave.','','hoffman estates','il','60169',1);
insert into student (id,firstname,lastname,street,streetdetail,city,state,postalcode,majorid) values (398,'ceola','saver','9730 dunbar ave.','','north haven','ct','06473',3);
insert into student (id,firstname,lastname,street,streetdetail,city,state,postalcode,majorid) values (399,'allyson','cockburn','4 fairview ave.','','nanuet','ny','10954',6);
insert into student (id,firstname,lastname,street,streetdetail,city,state,postalcode,majorid) values (400,'brigette','rabideau','181 corona st.','','northville','mi','48167',6);
insert into student (id,firstname,lastname,street,streetdetail,city,state,postalcode,majorid) values (401,'shemeka','nesbitt','8648 golf ave.','','owatonna','mn','55060',1);
insert into student (id,firstname,lastname,street,streetdetail,city,state,postalcode,majorid) values (402,'gayle','hawes','11 clinton ave.','','delaware','oh','43015',4);
insert into student (id,firstname,lastname,street,streetdetail,city,state,postalcode,majorid) values (403,'lanny','newingham','791 pacific rd.','','saint joseph','mi','49085',1);
insert into student (id,firstname,lastname,street,streetdetail,city,state,postalcode,majorid) values (404,'jeniffer','tanaka','9140 jefferson street','','east hartford','ct','06118',3);
insert into student (id,firstname,lastname,street,streetdetail,city,state,postalcode,majorid) values (405,'alec','fankhauser','60 kirkland st.','','parkville','md','21234',3);
insert into student (id,firstname,lastname,street,streetdetail,city,state,postalcode,majorid) values (406,'jenni','saleh','880 north drive','','onalaska','wi','54650',7);
insert into student (id,firstname,lastname,street,streetdetail,city,state,postalcode,majorid) values (407,'val','urso','839 thompson lane','','noblesville','in','46060',4);
insert into student (id,firstname,lastname,street,streetdetail,city,state,postalcode,majorid) values (408,'corine','greening','235 riverside st.','','pataskala','oh','43062',4);
insert into student (id,firstname,lastname,street,streetdetail,city,state,postalcode,majorid) values (409,'adah','clark','7079 thomas ave.','','freehold','nj','07728',4);
insert into student (id,firstname,lastname,street,streetdetail,city,state,postalcode,majorid) values (410,'britt','brumit','137 harvey st.','','wantagh','ny','11793',4);
insert into student (id,firstname,lastname,street,streetdetail,city,state,postalcode,majorid) values (411,'mozella','preece','661 myers st.','','wheaton','il','60187',5);
insert into student (id,firstname,lastname,street,streetdetail,city,state,postalcode,majorid) values (412,'deandra','seaborn','78 south street','','farmington','mi','48331',5);
insert into student (id,firstname,lastname,street,streetdetail,city,state,postalcode,majorid) values (413,'elly','doss','391 north clay lane','','lansdale','pa','19446',2);
insert into student (id,firstname,lastname,street,streetdetail,city,state,postalcode,majorid) values (414,'johnette','cavender','538 s. hudson st.','','kalamazoo','mi','49009',3);
insert into student (id,firstname,lastname,street,streetdetail,city,state,postalcode,majorid) values (415,'viki','ma','771 new st.','','north haven','ct','06473',4);
insert into student (id,firstname,lastname,street,streetdetail,city,state,postalcode,majorid) values (416,'pattie','melillo','94 se. bald hill street','','hazleton','pa','18201',6);
insert into student (id,firstname,lastname,street,streetdetail,city,state,postalcode,majorid) values (417,'shawn','gartman','47 s. oak valley street','','morton grove','il','60053',2);
insert into student (id,firstname,lastname,street,streetdetail,city,state,postalcode,majorid) values (418,'lois','loken','6 buttonwood court','','schaumburg','il','60193',6);
insert into student (id,firstname,lastname,street,streetdetail,city,state,postalcode,majorid) values (419,'rosario','varga','85 helen st.','','allen park','mi','48101',1);
insert into student (id,firstname,lastname,street,streetdetail,city,state,postalcode,majorid) values (420,'ela','sleeman','75 brickell st.','','parkersburg','wv','26101',7);
insert into student (id,firstname,lastname,street,streetdetail,city,state,postalcode,majorid) values (421,'yang','brumer','15 delaware street','','banning','ca','92220',1);
insert into student (id,firstname,lastname,street,streetdetail,city,state,postalcode,majorid) values (422,'francine','zeiler','8466 dogwood dr.','','conyers','ga','30012',4);
insert into student (id,firstname,lastname,street,streetdetail,city,state,postalcode,majorid) values (423,'errol','boland','27 manor rd.','','inman','sc','29349',8);
insert into student (id,firstname,lastname,street,streetdetail,city,state,postalcode,majorid) values (424,'celina','quimby','8929 smith ave.','','rosedale','ny','11422',3);
insert into student (id,firstname,lastname,street,streetdetail,city,state,postalcode,majorid) values (425,'nolan','rayes','382 arlington street','','bay city','mi','48706',7);
insert into student (id,firstname,lastname,street,streetdetail,city,state,postalcode,majorid) values (426,'eleonora','vaden','34 yukon drive','','new albany','in','47150',6);
insert into student (id,firstname,lastname,street,streetdetail,city,state,postalcode,majorid) values (427,'fairy','frier','643 york ave.','','nanuet','ny','10954',2);
insert into student (id,firstname,lastname,street,streetdetail,city,state,postalcode,majorid) values (428,'libbie','starks','81 jefferson st.','','parsippany','nj','07054',7);
insert into student (id,firstname,lastname,street,streetdetail,city,state,postalcode,majorid) values (429,'grayce','bernhard','13 ketch harbour st.','','arlington','ma','02474',4);
insert into student (id,firstname,lastname,street,streetdetail,city,state,postalcode,majorid) values (430,'emeline','chivers','898 s. tanglewood ave.','','fort washington','md','20744',2);
insert into student (id,firstname,lastname,street,streetdetail,city,state,postalcode,majorid) values (431,'ava','steadham','32 sw. saxon st.','','oklahoma city','ok','73112',8);
insert into student (id,firstname,lastname,street,streetdetail,city,state,postalcode,majorid) values (432,'charleen','doonan','270 brewery drive','','tacoma','wa','98444',4);
insert into student (id,firstname,lastname,street,streetdetail,city,state,postalcode,majorid) values (433,'ellamae','lefever','902 sussex ave.','','villa rica','ga','30180',2);
insert into student (id,firstname,lastname,street,streetdetail,city,state,postalcode,majorid) values (434,'tad','gokey','4 gates street','','coram','ny','11727',1);
insert into student (id,firstname,lastname,street,streetdetail,city,state,postalcode,majorid) values (435,'lashanda','abdul','792 glen ridge lane','','baltimore','md','21206',7);
insert into student (id,firstname,lastname,street,streetdetail,city,state,postalcode,majorid) values (436,'scarlet','darr','352 armstrong ave.','','little falls','nj','07424',5);
insert into student (id,firstname,lastname,street,streetdetail,city,state,postalcode,majorid) values (437,'reanna','fielder','203 west cottage st.','','solon','oh','44139',2);
insert into student (id,firstname,lastname,street,streetdetail,city,state,postalcode,majorid) values (438,'laurette','orosz','8687 devonshire st.','','pataskala','oh','43062',3);
insert into student (id,firstname,lastname,street,streetdetail,city,state,postalcode,majorid) values (439,'vince','thoman','75 green lake rd.','','neenah','wi','54956',6);
insert into student (id,firstname,lastname,street,streetdetail,city,state,postalcode,majorid) values (440,'logan','hollingworth','7 elm st.','','mays landing','nj','08330',8);
insert into student (id,firstname,lastname,street,streetdetail,city,state,postalcode,majorid) values (441,'houston','chew','1 elm rd.','','pleasanton','ca','94566',5);
insert into student (id,firstname,lastname,street,streetdetail,city,state,postalcode,majorid) values (442,'blythe','delrosario','633 53rd court','','ocean springs','ms','39564',1);
insert into student (id,firstname,lastname,street,streetdetail,city,state,postalcode,majorid) values (443,'zita','clemente','35 westport drive','','columbia','md','21044',5);
insert into student (id,firstname,lastname,street,streetdetail,city,state,postalcode,majorid) values (444,'rosita','rickey','540 wintergreen drive','','oakland gardens','ny','11364',6);
insert into student (id,firstname,lastname,street,streetdetail,city,state,postalcode,majorid) values (445,'jordan','bradham','488 pineknoll street','','cedar rapids','ia','52402',5);
insert into student (id,firstname,lastname,street,streetdetail,city,state,postalcode,majorid) values (446,'cuc','mungin','9527 church drive','','houston','tx','77016',5);
insert into student (id,firstname,lastname,street,streetdetail,city,state,postalcode,majorid) values (447,'salley','crimmins','9013 andover st.','','bemidji','mn','56601',8);
insert into student (id,firstname,lastname,street,streetdetail,city,state,postalcode,majorid) values (448,'glenna','zemlicka','439 wellington dr.','','glasgow','ky','42141',5);
insert into student (id,firstname,lastname,street,streetdetail,city,state,postalcode,majorid) values (449,'judy','pearse','154 snake hill ave.','','stillwater','mn','55082',1);
insert into student (id,firstname,lastname,street,streetdetail,city,state,postalcode,majorid) values (450,'shandra','camberos','43 campfire st.','','wake forest','nc','27587',4);
insert into student (id,firstname,lastname,street,streetdetail,city,state,postalcode,majorid) values (451,'hermine','games','409 spruce court','','westmont','il','60559',8);
insert into student (id,firstname,lastname,street,streetdetail,city,state,postalcode,majorid) values (452,'eduardo','claar','16 sw. big rock cove street','','eugene','or','97402',4);
insert into student (id,firstname,lastname,street,streetdetail,city,state,postalcode,majorid) values (453,'sonia','forry','41 west pierce st.','','menasha','wi','54952',5);
insert into student (id,firstname,lastname,street,streetdetail,city,state,postalcode,majorid) values (454,'rolanda','nichol','8741 riverview avenue','','la porte','in','46350',3);
insert into student (id,firstname,lastname,street,streetdetail,city,state,postalcode,majorid) values (455,'marisela','storlie','441 south brewery st.','','murfreesboro','tn','37128',7);
insert into student (id,firstname,lastname,street,streetdetail,city,state,postalcode,majorid) values (456,'malisa','ignacio','9075 littleton street','','asbury park','nj','07712',8);
insert into student (id,firstname,lastname,street,streetdetail,city,state,postalcode,majorid) values (457,'carlo','wiersma','456 bay street','','indiana','pa','15701',7);
insert into student (id,firstname,lastname,street,streetdetail,city,state,postalcode,majorid) values (458,'mercy','hemstreet','8 valley dr.','','navarre','fl','32566',8);
insert into student (id,firstname,lastname,street,streetdetail,city,state,postalcode,majorid) values (459,'ranee','crosswell','8158 maiden ave.','','maplewood','nj','07040',1);
insert into student (id,firstname,lastname,street,streetdetail,city,state,postalcode,majorid) values (460,'leticia','chipps','9906 west lookout st.','','roseville','mi','48066',6);
insert into student (id,firstname,lastname,street,streetdetail,city,state,postalcode,majorid) values (461,'jonell','calkins','660 third dr.','','burnsville','mn','55337',8);
insert into student (id,firstname,lastname,street,streetdetail,city,state,postalcode,majorid) values (462,'darcie','kleis','8093 cambridge court','','racine','wi','53402',3);
insert into student (id,firstname,lastname,street,streetdetail,city,state,postalcode,majorid) values (463,'cara','plum','102 grand street','','gwynn oak','md','21207',6);
insert into student (id,firstname,lastname,street,streetdetail,city,state,postalcode,majorid) values (464,'maisha','navarrete','950 hartford lane','','west des moines','ia','50265',7);
insert into student (id,firstname,lastname,street,streetdetail,city,state,postalcode,majorid) values (465,'harriette','melder','92 ne. fulton st.','','ossining','ny','10562',3);
insert into student (id,firstname,lastname,street,streetdetail,city,state,postalcode,majorid) values (466,'gerda','battles','345 ivy ave.','','stone mountain','ga','30083',3);
insert into student (id,firstname,lastname,street,streetdetail,city,state,postalcode,majorid) values (467,'suk','geraci','368 n. myers street','','parkville','md','21234',5);
insert into student (id,firstname,lastname,street,streetdetail,city,state,postalcode,majorid) values (468,'jenna','ackles','342 fawn rd.','','des moines','ia','50310',2);
insert into student (id,firstname,lastname,street,streetdetail,city,state,postalcode,majorid) values (469,'hoyt','schmitmeyer','4 elizabeth dr.','','park forest','il','60466',6);
insert into student (id,firstname,lastname,street,streetdetail,city,state,postalcode,majorid) values (470,'maude','leigh','7887 lafayette rd.','','acworth','ga','30101',6);
insert into student (id,firstname,lastname,street,streetdetail,city,state,postalcode,majorid) values (471,'darby','honahni','555 arcadia lane','','east brunswick','nj','08816',2);
insert into student (id,firstname,lastname,street,streetdetail,city,state,postalcode,majorid) values (472,'crysta','kail','7205 jennings lane','','hastings','mn','55033',4);
insert into student (id,firstname,lastname,street,streetdetail,city,state,postalcode,majorid) values (473,'dedra','merkel','9531 north nicolls lane','','hollywood','fl','33020',2);
insert into student (id,firstname,lastname,street,streetdetail,city,state,postalcode,majorid) values (474,'ashlie','parmentier','699 53rd st.','','muskogee','ok','74403',4);
insert into student (id,firstname,lastname,street,streetdetail,city,state,postalcode,majorid) values (475,'wilhemina','waltz','489 brewery court','','butte','mt','59701',6);
insert into student (id,firstname,lastname,street,streetdetail,city,state,postalcode,majorid) values (476,'shaquita','marsch','8681 w. mechanic court','','enfield','ct','06082',7);
insert into student (id,firstname,lastname,street,streetdetail,city,state,postalcode,majorid) values (477,'maybell','bouldin','28 summit street','','fairburn','ga','30213',6);
insert into student (id,firstname,lastname,street,streetdetail,city,state,postalcode,majorid) values (478,'lovella','olmedo','7047 ketch harbour st.','','hillsboro','or','97124',1);
insert into student (id,firstname,lastname,street,streetdetail,city,state,postalcode,majorid) values (479,'maryalice','treat','67 orange court','','fort mill','sc','29708',7);
insert into student (id,firstname,lastname,street,streetdetail,city,state,postalcode,majorid) values (480,'shanti','renfroe','9499 central st.','','san antonio','tx','78213',1);
insert into student (id,firstname,lastname,street,streetdetail,city,state,postalcode,majorid) values (481,'alline','devers','946 riverside st.','','maineville','oh','45039',5);
insert into student (id,firstname,lastname,street,streetdetail,city,state,postalcode,majorid) values (482,'jene','sluss','60 branch st.','','bethpage','ny','11714',1);
insert into student (id,firstname,lastname,street,streetdetail,city,state,postalcode,majorid) values (483,'adolph','pavlik','384 east canal rd.','','norwood','ma','02062',3);
insert into student (id,firstname,lastname,street,streetdetail,city,state,postalcode,majorid) values (484,'tanya','devaney','9614 jefferson drive','','lagrange','ga','30240',3);
insert into student (id,firstname,lastname,street,streetdetail,city,state,postalcode,majorid) values (485,'dominica','krull','8206 race avenue','','rapid city','sd','57701',7);
insert into student (id,firstname,lastname,street,streetdetail,city,state,postalcode,majorid) values (486,'larry','han','80 w. hilldale drive','','englewood','nj','07631',1);
insert into student (id,firstname,lastname,street,streetdetail,city,state,postalcode,majorid) values (487,'myesha','mcbay','71 franklin ave.','','east stroudsburg','pa','18301',3);
insert into student (id,firstname,lastname,street,streetdetail,city,state,postalcode,majorid) values (488,'dolly','thoms','900 s. ohio st.','','rego park','ny','11374',2);
insert into student (id,firstname,lastname,street,streetdetail,city,state,postalcode,majorid) values (489,'candis','hadfield','781 lilac st.','','racine','wi','53402',2);
insert into student (id,firstname,lastname,street,streetdetail,city,state,postalcode,majorid) values (490,'kristan','teasdale','783 longbranch st.','','bonita springs','fl','34135',1);
insert into student (id,firstname,lastname,street,streetdetail,city,state,postalcode,majorid) values (491,'etha','stoughton','53 shady street','','irwin','pa','15642',6);
insert into student (id,firstname,lastname,street,streetdetail,city,state,postalcode,majorid) values (492,'fidel','wasinger','904 schoolhouse court','','southfield','mi','48076',5);
insert into student (id,firstname,lastname,street,streetdetail,city,state,postalcode,majorid) values (493,'alexa','piehl','792 hanover street','','burke','va','22015',6);
insert into student (id,firstname,lastname,street,streetdetail,city,state,postalcode,majorid) values (494,'lanette','klepper','8107 baker street','','plymouth','ma','02360',2);
insert into student (id,firstname,lastname,street,streetdetail,city,state,postalcode,majorid) values (495,'felix','due','776 s. beaver ridge drive','','glenview','il','60025',5);
insert into student (id,firstname,lastname,street,streetdetail,city,state,postalcode,majorid) values (496,'margot','krajewski','61 w. meadow street','','reynoldsburg','oh','43068',2);
insert into student (id,firstname,lastname,street,streetdetail,city,state,postalcode,majorid) values (497,'emmanuel','grave','9633 purple finch st.','','richardson','tx','75080',3);
insert into student (id,firstname,lastname,street,streetdetail,city,state,postalcode,majorid) values (498,'jessie','swedberg','50 hilldale st.','','brunswick','ga','31525',5);
insert into student (id,firstname,lastname,street,streetdetail,city,state,postalcode,majorid) values (499,'garnet','bobby','22 peninsula street','','dorchester','ma','02125',6);
insert into student (id,firstname,lastname,street,streetdetail,city,state,postalcode,majorid) values (500,'gwendolyn','wentworth','465 miller avenue','','bemidji','mn','56601',8);

/* insertions for table course */
insert into course (id,name,deptid) values (1,'accounting & finance',2);
insert into course (id,name,deptid) values (2,'aeronautical & manufacturing engineering',4);
insert into course (id,name,deptid) values (3,'agriculture & forestry',7);
insert into course (id,name,deptid) values (4,'american studies',3);
insert into course (id,name,deptid) values (5,'anatomy & physiology',6);
insert into course (id,name,deptid) values (6,'anthropology',7);
insert into course (id,name,deptid) values (7,'archaeology',7);
insert into course (id,name,deptid) values (8,'architecture',4);
insert into course (id,name,deptid) values (9,'art & design',1);
insert into course (id,name,deptid) values (10,'aural & oral sciences',7);
insert into course (id,name,deptid) values (11,'biological sciences',7);
insert into course (id,name,deptid) values (12,'building',4);
insert into course (id,name,deptid) values (13,'business & management studies',2);
insert into course (id,name,deptid) values (14,'celtic studies',3);
insert into course (id,name,deptid) values (15,'chemical engineering',4);
insert into course (id,name,deptid) values (16,'chemistry',7);
insert into course (id,name,deptid) values (17,'civil engineering',4);
insert into course (id,name,deptid) values (18,'classics & ancient history',3);
insert into course (id,name,deptid) values (19,'communication & media studies',2);
insert into course (id,name,deptid) values (20,'complementary medicine',6);
insert into course (id,name,deptid) values (21,'computer science',5);
insert into course (id,name,deptid) values (22,'counselling',6);
insert into course (id,name,deptid) values (23,'creative writing',1);
insert into course (id,name,deptid) values (24,'criminology',7);
insert into course (id,name,deptid) values (25,'dentistry',6);
insert into course (id,name,deptid) values (26,'drama, dance & cinematics',1);
insert into course (id,name,deptid) values (27,'east & south asian studies',3);
insert into course (id,name,deptid) values (28,'economics',2);
insert into course (id,name,deptid) values (29,'education',8);
insert into course (id,name,deptid) values (30,'electrical & electronic engineering',4);
insert into course (id,name,deptid) values (31,'english',3);
insert into course (id,name,deptid) values (32,'fashion',1);
insert into course (id,name,deptid) values (33,'film making',1);
insert into course (id,name,deptid) values (34,'food science',7);
insert into course (id,name,deptid) values (35,'forensic science',7);
insert into course (id,name,deptid) values (36,'french',3);
insert into course (id,name,deptid) values (37,'geography & environmental sciences',7);
insert into course (id,name,deptid) values (38,'geology',7);
insert into course (id,name,deptid) values (39,'general engineering',4);
insert into course (id,name,deptid) values (40,'german',3);
insert into course (id,name,deptid) values (41,'history',3);
insert into course (id,name,deptid) values (42,'history of art, architecture & design',1);
insert into course (id,name,deptid) values (43,'hospitality, leisure, recreation & tourism',2);
insert into course (id,name,deptid) values (44,'iberian languages/hispanic studies',3);
insert into course (id,name,deptid) values (45,'italian',3);
insert into course (id,name,deptid) values (46,'land & property management',2);
insert into course (id,name,deptid) values (47,'law',2);
insert into course (id,name,deptid) values (48,'librarianship & information management',5);
insert into course (id,name,deptid) values (49,'linguistics',3);
insert into course (id,name,deptid) values (50,'marketing',2);
insert into course (id,name,deptid) values (51,'materials technology',4);
insert into course (id,name,deptid) values (52,'mathematics',7);
insert into course (id,name,deptid) values (53,'mechanical engineering',4);
insert into course (id,name,deptid) values (54,'medical technology',6);
insert into course (id,name,deptid) values (55,'medicine',6);
insert into course (id,name,deptid) values (56,'middle eastern & african studies',3);
insert into course (id,name,deptid) values (57,'music',1);
insert into course (id,name,deptid) values (58,'nursing',6);
insert into course (id,name,deptid) values (59,'occupational therapy',6);
insert into course (id,name,deptid) values (60,'optometry, ophthalmology & orthoptics',6);
insert into course (id,name,deptid) values (61,'pharmacology & pharmacy',6);
insert into course (id,name,deptid) values (62,'philosophy',3);
insert into course (id,name,deptid) values (63,'physics and astronomy',7);
insert into course (id,name,deptid) values (64,'physiotherapy',6);
insert into course (id,name,deptid) values (65,'politics',3);
insert into course (id,name,deptid) values (66,'psychology',6);
insert into course (id,name,deptid) values (67,'robotics',5);
insert into course (id,name,deptid) values (68,'russian & east european languages',3);
insert into course (id,name,deptid) values (69,'social policy',8);
insert into course (id,name,deptid) values (70,'social work',8);
insert into course (id,name,deptid) values (71,'sociology',8);
insert into course (id,name,deptid) values (72,'sports science',6);
insert into course (id,name,deptid) values (73,'theology & religious studies',3);
insert into course (id,name,deptid) values (74,'veterinary medicine',6);
insert into course (id,name,deptid) values (75,'youth work',8);
insert into course (id,name,deptid) values (76,'cyber security',5);

/* insertions for table studentcourse */
insert into studentcourse (studentid,courseid,progress,startdate) values (1,51,58,date '2017-01-25');
insert into studentcourse (studentid,courseid,progress,startdate) values (1,30,66,date '2016-01-25');
insert into studentcourse (studentid,courseid,progress,startdate) values (1,52,85,date '2017-08-25');
insert into studentcourse (studentid,courseid,progress,startdate) values (1,61,54,date '2017-01-25');
insert into studentcourse (studentid,courseid,progress,startdate) values (2,41,64,date '2017-01-25');
insert into studentcourse (studentid,courseid,progress,startdate) values (2,44,40,date '2016-01-25');
insert into studentcourse (studentid,courseid,progress,startdate) values (2,63,66,date '2015-01-25');
insert into studentcourse (studentid,courseid,progress,startdate) values (2,53,58,date '2015-08-25');
insert into studentcourse (studentid,courseid,progress,startdate) values (3,57,53,date '2017-08-25');
insert into studentcourse (studentid,courseid,progress,startdate) values (3,42,82,date '2015-08-25');
insert into studentcourse (studentid,courseid,progress,startdate) values (3,46,36,date '2016-08-25');
insert into studentcourse (studentid,courseid,progress,startdate) values (4,72,81,date '2015-01-25');
insert into studentcourse (studentid,courseid,progress,startdate) values (4,74,50,date '2017-08-25');
insert into studentcourse (studentid,courseid,progress,startdate) values (4,18,82,date '2017-08-25');
insert into studentcourse (studentid,courseid,progress,startdate) values (4,58,43,date '2017-01-25');
insert into studentcourse (studentid,courseid,progress,startdate) values (5,44,52,date '2016-01-25');
insert into studentcourse (studentid,courseid,progress,startdate) values (5,4,49,date '2015-01-25');
insert into studentcourse (studentid,courseid,progress,startdate) values (5,45,84,date '2017-01-25');
insert into studentcourse (studentid,courseid,progress,startdate) values (5,51,89,date '2016-08-25');
insert into studentcourse (studentid,courseid,progress,startdate) values (6,57,88,date '2017-01-25');
insert into studentcourse (studentid,courseid,progress,startdate) values (6,9,40,date '2016-01-25');
insert into studentcourse (studentid,courseid,progress,startdate) values (6,22,87,date '2014-01-25');
insert into studentcourse (studentid,courseid,progress,startdate) values (6,62,65,date '2016-01-25');
insert into studentcourse (studentid,courseid,progress,startdate) values (7,74,40,date '2014-01-25');
insert into studentcourse (studentid,courseid,progress,startdate) values (7,64,67,date '2015-08-25');
insert into studentcourse (studentid,courseid,progress,startdate) values (7,42,68,date '2014-08-25');
insert into studentcourse (studentid,courseid,progress,startdate) values (7,65,68,date '2016-08-25');
insert into studentcourse (studentid,courseid,progress,startdate) values (7,18,66,date '2017-08-25');
insert into studentcourse (studentid,courseid,progress,startdate) values (8,60,70,date '2017-01-25');
insert into studentcourse (studentid,courseid,progress,startdate) values (8,72,83,date '2015-01-25');
insert into studentcourse (studentid,courseid,progress,startdate) values (8,9,72,date '2017-01-25');
insert into studentcourse (studentid,courseid,progress,startdate) values (8,29,84,date '2014-01-25');
insert into studentcourse (studentid,courseid,progress,startdate) values (9,65,40,date '2015-08-25');
insert into studentcourse (studentid,courseid,progress,startdate) values (9,68,55,date '2015-01-25');
insert into studentcourse (studentid,courseid,progress,startdate) values (9,33,86,date '2017-01-25');
insert into studentcourse (studentid,courseid,progress,startdate) values (9,46,51,date '2017-01-25');
insert into studentcourse (studentid,courseid,progress,startdate) values (10,42,88,date '2017-08-25');
insert into studentcourse (studentid,courseid,progress,startdate) values (10,23,49,date '2015-08-25');
insert into studentcourse (studentid,courseid,progress,startdate) values (10,74,65,date '2017-08-25');
insert into studentcourse (studentid,courseid,progress,startdate) values (10,67,55,date '2016-01-25');
insert into studentcourse (studentid,courseid,progress,startdate) values (11,61,68,date '2015-01-25');
insert into studentcourse (studentid,courseid,progress,startdate) values (11,58,49,date '2017-01-25');
insert into studentcourse (studentid,courseid,progress,startdate) values (11,24,37,date '2017-01-25');
insert into studentcourse (studentid,courseid,progress,startdate) values (11,38,40,date '2016-01-25');
insert into studentcourse (studentid,courseid,progress,startdate) values (12,23,81,date '2017-08-25');
insert into studentcourse (studentid,courseid,progress,startdate) values (12,26,38,date '2014-01-25');
insert into studentcourse (studentid,courseid,progress,startdate) values (12,29,89,date '2015-01-25');
insert into studentcourse (studentid,courseid,progress,startdate) values (13,58,57,date '2017-01-25');
insert into studentcourse (studentid,courseid,progress,startdate) values (13,74,89,date '2017-01-25');
insert into studentcourse (studentid,courseid,progress,startdate) values (13,12,41,date '2016-01-25');
insert into studentcourse (studentid,courseid,progress,startdate) values (13,66,82,date '2015-01-25');
insert into studentcourse (studentid,courseid,progress,startdate) values (14,67,87,date '2016-08-25');
insert into studentcourse (studentid,courseid,progress,startdate) values (14,21,54,date '2017-01-25');
insert into studentcourse (studentid,courseid,progress,startdate) values (14,31,41,date '2017-01-25');
insert into studentcourse (studentid,courseid,progress,startdate) values (14,4,71,date '2014-01-25');
insert into studentcourse (studentid,courseid,progress,startdate) values (15,32,68,date '2015-01-25');
insert into studentcourse (studentid,courseid,progress,startdate) values (15,33,83,date '2017-08-25');
insert into studentcourse (studentid,courseid,progress,startdate) values (15,62,41,date '2017-08-25');
insert into studentcourse (studentid,courseid,progress,startdate) values (15,66,53,date '2017-01-25');
insert into studentcourse (studentid,courseid,progress,startdate) values (16,34,71,date '2016-01-25');
insert into studentcourse (studentid,courseid,progress,startdate) values (16,3,57,date '2014-01-25');
insert into studentcourse (studentid,courseid,progress,startdate) values (16,61,73,date '2016-01-25');
insert into studentcourse (studentid,courseid,progress,startdate) values (16,49,68,date '2017-01-25');
insert into studentcourse (studentid,courseid,progress,startdate) values (17,32,45,date '2015-01-25');
insert into studentcourse (studentid,courseid,progress,startdate) values (17,33,37,date '2017-08-25');
insert into studentcourse (studentid,courseid,progress,startdate) values (17,27,50,date '2016-01-25');
insert into studentcourse (studentid,courseid,progress,startdate) values (17,13,69,date '2016-01-25');
insert into studentcourse (studentid,courseid,progress,startdate) values (18,17,66,date '2017-01-25');
insert into studentcourse (studentid,courseid,progress,startdate) values (18,8,89,date '2017-01-25');
insert into studentcourse (studentid,courseid,progress,startdate) values (18,19,44,date '2014-01-25');
insert into studentcourse (studentid,courseid,progress,startdate) values (18,68,84,date '2017-01-25');
insert into studentcourse (studentid,courseid,progress,startdate) values (19,19,55,date '2015-01-25');
insert into studentcourse (studentid,courseid,progress,startdate) values (19,46,89,date '2016-01-25');
insert into studentcourse (studentid,courseid,progress,startdate) values (19,6,83,date '2016-01-25');
insert into studentcourse (studentid,courseid,progress,startdate) values (19,71,49,date '2017-01-25');
insert into studentcourse (studentid,courseid,progress,startdate) values (20,37,87,date '2017-08-25');
insert into studentcourse (studentid,courseid,progress,startdate) values (20,16,39,date '2017-01-25');
insert into studentcourse (studentid,courseid,progress,startdate) values (20,72,69,date '2017-01-25');
insert into studentcourse (studentid,courseid,progress,startdate) values (20,15,38,date '2014-01-25');
insert into studentcourse (studentid,courseid,progress,startdate) values (21,46,68,date '2016-01-25');
insert into studentcourse (studentid,courseid,progress,startdate) values (21,28,37,date '2015-08-25');
insert into studentcourse (studentid,courseid,progress,startdate) values (21,23,43,date '2016-08-25');
insert into studentcourse (studentid,courseid,progress,startdate) values (21,66,44,date '2017-08-25');
insert into studentcourse (studentid,courseid,progress,startdate) values (22,48,53,date '2015-01-25');
insert into studentcourse (studentid,courseid,progress,startdate) values (22,67,51,date '2017-01-25');
insert into studentcourse (studentid,courseid,progress,startdate) values (22,42,73,date '2017-01-25');
insert into studentcourse (studentid,courseid,progress,startdate) values (23,71,73,date '2016-01-25');
insert into studentcourse (studentid,courseid,progress,startdate) values (23,70,45,date '2015-01-25');
insert into studentcourse (studentid,courseid,progress,startdate) values (23,43,66,date '2015-01-25');
insert into studentcourse (studentid,courseid,progress,startdate) values (23,48,58,date '2016-01-25');
insert into studentcourse (studentid,courseid,progress,startdate) values (24,41,36,date '2014-01-25');
insert into studentcourse (studentid,courseid,progress,startdate) values (24,40,85,date '2017-08-25');
insert into studentcourse (studentid,courseid,progress,startdate) values (24,32,70,date '2017-01-25');
insert into studentcourse (studentid,courseid,progress,startdate) values (24,28,64,date '2017-01-25');
insert into studentcourse (studentid,courseid,progress,startdate) values (25,30,66,date '2015-08-25');
insert into studentcourse (studentid,courseid,progress,startdate) values (25,51,45,date '2017-08-25');
insert into studentcourse (studentid,courseid,progress,startdate) values (25,73,68,date '2014-08-25');
insert into studentcourse (studentid,courseid,progress,startdate) values (25,43,72,date '2015-01-25');
insert into studentcourse (studentid,courseid,progress,startdate) values (26,9,36,date '2016-01-25');
insert into studentcourse (studentid,courseid,progress,startdate) values (26,57,38,date '2016-01-25');
insert into studentcourse (studentid,courseid,progress,startdate) values (26,21,83,date '2017-01-25');
insert into studentcourse (studentid,courseid,progress,startdate) values (26,75,70,date '2015-01-25');
insert into studentcourse (studentid,courseid,progress,startdate) values (27,71,51,date '2015-01-25');
insert into studentcourse (studentid,courseid,progress,startdate) values (27,69,85,date '2017-01-25');
insert into studentcourse (studentid,courseid,progress,startdate) values (27,73,44,date '2014-01-25');
insert into studentcourse (studentid,courseid,progress,startdate) values (27,8,50,date '2016-01-25');
insert into studentcourse (studentid,courseid,progress,startdate) values (27,37,52,date '2016-01-25');
insert into studentcourse (studentid,courseid,progress,startdate) values (28,67,39,date '2017-08-25');
insert into studentcourse (studentid,courseid,progress,startdate) values (28,76,73,date '2017-08-25');
insert into studentcourse (studentid,courseid,progress,startdate) values (28,1,70,date '2015-01-25');
insert into studentcourse (studentid,courseid,progress,startdate) values (28,53,83,date '2017-01-25');
insert into studentcourse (studentid,courseid,progress,startdate) values (29,67,67,date '2017-01-25');
insert into studentcourse (studentid,courseid,progress,startdate) values (29,76,41,date '2014-01-25');
insert into studentcourse (studentid,courseid,progress,startdate) values (29,44,81,date '2017-01-25');
insert into studentcourse (studentid,courseid,progress,startdate) values (29,59,51,date '2015-01-25');
insert into studentcourse (studentid,courseid,progress,startdate) values (29,2,55,date '2017-01-25');
insert into studentcourse (studentid,courseid,progress,startdate) values (30,75,70,date '2016-01-25');
insert into studentcourse (studentid,courseid,progress,startdate) values (30,71,72,date '2015-08-25');
insert into studentcourse (studentid,courseid,progress,startdate) values (30,39,69,date '2017-08-25');
insert into studentcourse (studentid,courseid,progress,startdate) values (30,24,71,date '2016-01-25');
insert into studentcourse (studentid,courseid,progress,startdate) values (31,43,70,date '2017-01-25');
insert into studentcourse (studentid,courseid,progress,startdate) values (31,50,57,date '2017-01-25');
insert into studentcourse (studentid,courseid,progress,startdate) values (31,75,70,date '2015-01-25');
insert into studentcourse (studentid,courseid,progress,startdate) values (31,30,83,date '2016-01-25');
insert into studentcourse (studentid,courseid,progress,startdate) values (32,63,44,date '2014-01-25');
insert into studentcourse (studentid,courseid,progress,startdate) values (32,16,82,date '2017-01-25');
insert into studentcourse (studentid,courseid,progress,startdate) values (32,69,50,date '2017-01-25');
insert into studentcourse (studentid,courseid,progress,startdate) values (33,34,71,date '2016-08-25');
insert into studentcourse (studentid,courseid,progress,startdate) values (33,11,36,date '2015-01-25');
insert into studentcourse (studentid,courseid,progress,startdate) values (33,6,43,date '2015-01-25');
insert into studentcourse (studentid,courseid,progress,startdate) values (33,62,51,date '2016-01-25');
insert into studentcourse (studentid,courseid,progress,startdate) values (34,19,53,date '2016-01-25');
insert into studentcourse (studentid,courseid,progress,startdate) values (34,1,65,date '2014-01-25');
insert into studentcourse (studentid,courseid,progress,startdate) values (34,31,43,date '2017-08-25');
insert into studentcourse (studentid,courseid,progress,startdate) values (34,66,68,date '2017-01-25');
insert into studentcourse (studentid,courseid,progress,startdate) values (35,57,43,date '2017-01-25');
insert into studentcourse (studentid,courseid,progress,startdate) values (35,42,50,date '2015-01-25');
insert into studentcourse (studentid,courseid,progress,startdate) values (35,28,88,date '2016-01-25');
insert into studentcourse (studentid,courseid,progress,startdate) values (35,32,37,date '2016-01-25');
insert into studentcourse (studentid,courseid,progress,startdate) values (36,4,89,date '2017-01-25');
insert into studentcourse (studentid,courseid,progress,startdate) values (36,65,52,date '2017-01-25');
insert into studentcourse (studentid,courseid,progress,startdate) values (36,37,83,date '2017-08-25');
insert into studentcourse (studentid,courseid,progress,startdate) values (36,51,45,date '2017-08-25');
insert into studentcourse (studentid,courseid,progress,startdate) values (37,22,84,date '2017-01-25');
insert into studentcourse (studentid,courseid,progress,startdate) values (37,20,51,date '2015-01-25');
insert into studentcourse (studentid,courseid,progress,startdate) values (37,13,49,date '2014-01-25');
insert into studentcourse (studentid,courseid,progress,startdate) values (37,7,41,date '2016-08-25');
insert into studentcourse (studentid,courseid,progress,startdate) values (38,71,57,date '2015-08-25');
insert into studentcourse (studentid,courseid,progress,startdate) values (38,69,81,date '2017-08-25');
insert into studentcourse (studentid,courseid,progress,startdate) values (38,61,45,date '2014-01-25');
insert into studentcourse (studentid,courseid,progress,startdate) values (38,24,64,date '2016-01-25');
insert into studentcourse (studentid,courseid,progress,startdate) values (39,17,50,date '2017-01-25');
insert into studentcourse (studentid,courseid,progress,startdate) values (39,53,54,date '2017-01-25');
insert into studentcourse (studentid,courseid,progress,startdate) values (39,9,83,date '2015-01-25');
insert into studentcourse (studentid,courseid,progress,startdate) values (39,45,69,date '2017-01-25');
insert into studentcourse (studentid,courseid,progress,startdate) values (40,3,38,date '2014-01-25');
insert into studentcourse (studentid,courseid,progress,startdate) values (40,37,40,date '2016-01-25');
insert into studentcourse (studentid,courseid,progress,startdate) values (40,19,86,date '2017-08-25');
insert into studentcourse (studentid,courseid,progress,startdate) values (40,16,51,date '2016-08-25');
insert into studentcourse (studentid,courseid,progress,startdate) values (41,21,56,date '2017-01-25');
insert into studentcourse (studentid,courseid,progress,startdate) values (41,48,45,date '2017-01-25');
insert into studentcourse (studentid,courseid,progress,startdate) values (41,62,50,date '2017-01-25');
insert into studentcourse (studentid,courseid,progress,startdate) values (41,23,65,date '2017-08-25');
insert into studentcourse (studentid,courseid,progress,startdate) values (42,76,69,date '2017-08-25');
insert into studentcourse (studentid,courseid,progress,startdate) values (42,21,57,date '2015-01-25');
insert into studentcourse (studentid,courseid,progress,startdate) values (42,58,51,date '2016-01-25');
insert into studentcourse (studentid,courseid,progress,startdate) values (42,23,69,date '2017-08-25');
insert into studentcourse (studentid,courseid,progress,startdate) values (43,67,68,date '2016-01-25');
insert into studentcourse (studentid,courseid,progress,startdate) values (43,48,88,date '2017-01-25');
insert into studentcourse (studentid,courseid,progress,startdate) values (43,9,85,date '2017-01-25');
insert into studentcourse (studentid,courseid,progress,startdate) values (43,19,84,date '2015-01-25');
insert into studentcourse (studentid,courseid,progress,startdate) values (43,27,57,date '2014-01-25');
insert into studentcourse (studentid,courseid,progress,startdate) values (44,50,86,date '2015-08-25');
insert into studentcourse (studentid,courseid,progress,startdate) values (44,43,68,date '2016-08-25');
insert into studentcourse (studentid,courseid,progress,startdate) values (44,59,73,date '2016-01-25');
insert into studentcourse (studentid,courseid,progress,startdate) values (44,66,85,date '2017-08-25');
insert into studentcourse (studentid,courseid,progress,startdate) values (45,67,56,date '2017-08-25');
insert into studentcourse (studentid,courseid,progress,startdate) values (45,21,41,date '2015-08-25');
insert into studentcourse (studentid,courseid,progress,startdate) values (45,30,86,date '2017-08-25');
insert into studentcourse (studentid,courseid,progress,startdate) values (45,3,44,date '2015-08-25');
insert into studentcourse (studentid,courseid,progress,startdate) values (46,74,70,date '2017-01-25');
insert into studentcourse (studentid,courseid,progress,startdate) values (46,20,88,date '2015-01-25');
insert into studentcourse (studentid,courseid,progress,startdate) values (46,44,67,date '2017-01-25');
insert into studentcourse (studentid,courseid,progress,startdate) values (47,41,50,date '2017-01-25');
insert into studentcourse (studentid,courseid,progress,startdate) values (47,36,42,date '2015-01-25');
insert into studentcourse (studentid,courseid,progress,startdate) values (47,54,72,date '2016-01-25');
insert into studentcourse (studentid,courseid,progress,startdate) values (47,38,68,date '2016-01-25');
insert into studentcourse (studentid,courseid,progress,startdate) values (48,66,54,date '2017-01-25');
insert into studentcourse (studentid,courseid,progress,startdate) values (48,22,85,date '2017-08-25');
insert into studentcourse (studentid,courseid,progress,startdate) values (48,17,71,date '2017-01-25');
insert into studentcourse (studentid,courseid,progress,startdate) values (48,74,89,date '2015-01-25');
insert into studentcourse (studentid,courseid,progress,startdate) values (49,76,65,date '2016-08-25');
insert into studentcourse (studentid,courseid,progress,startdate) values (49,48,49,date '2017-08-25');
insert into studentcourse (studentid,courseid,progress,startdate) values (49,70,67,date '2017-01-25');
insert into studentcourse (studentid,courseid,progress,startdate) values (49,50,82,date '2017-01-25');
insert into studentcourse (studentid,courseid,progress,startdate) values (50,11,53,date '2014-01-25');
insert into studentcourse (studentid,courseid,progress,startdate) values (50,10,56,date '2016-01-25');
insert into studentcourse (studentid,courseid,progress,startdate) values (50,56,90,date '2015-01-25');
insert into studentcourse (studentid,courseid,progress,startdate) values (50,40,67,date '2017-01-25');
insert into studentcourse (studentid,courseid,progress,startdate) values (51,29,82,date '2016-01-25');
insert into studentcourse (studentid,courseid,progress,startdate) values (51,75,39,date '2017-08-25');
insert into studentcourse (studentid,courseid,progress,startdate) values (51,25,65,date '2016-01-25');
insert into studentcourse (studentid,courseid,progress,startdate) values (51,24,65,date '2015-01-25');
insert into studentcourse (studentid,courseid,progress,startdate) values (52,53,38,date '2017-01-25');
insert into studentcourse (studentid,courseid,progress,startdate) values (52,8,53,date '2017-01-25');
insert into studentcourse (studentid,courseid,progress,startdate) values (52,51,39,date '2017-01-25');
insert into studentcourse (studentid,courseid,progress,startdate) values (52,52,52,date '2015-01-25');
insert into studentcourse (studentid,courseid,progress,startdate) values (53,57,58,date '2017-08-25');
insert into studentcourse (studentid,courseid,progress,startdate) values (53,9,69,date '2016-08-25');
insert into studentcourse (studentid,courseid,progress,startdate) values (53,12,81,date '2015-08-25');
insert into studentcourse (studentid,courseid,progress,startdate) values (54,70,73,date '2017-08-25');
insert into studentcourse (studentid,courseid,progress,startdate) values (54,69,53,date '2017-08-25');
insert into studentcourse (studentid,courseid,progress,startdate) values (54,8,51,date '2016-01-25');
insert into studentcourse (studentid,courseid,progress,startdate) values (54,4,66,date '2016-01-25');
insert into studentcourse (studentid,courseid,progress,startdate) values (55,76,89,date '2016-01-25');
insert into studentcourse (studentid,courseid,progress,startdate) values (55,21,50,date '2017-01-25');
insert into studentcourse (studentid,courseid,progress,startdate) values (55,7,90,date '2017-01-25');
insert into studentcourse (studentid,courseid,progress,startdate) values (55,31,64,date '2014-01-25');
insert into studentcourse (studentid,courseid,progress,startdate) values (56,19,39,date '2016-08-25');
insert into studentcourse (studentid,courseid,progress,startdate) values (56,13,81,date '2017-08-25');
insert into studentcourse (studentid,courseid,progress,startdate) values (56,36,39,date '2014-01-25');
insert into studentcourse (studentid,courseid,progress,startdate) values (56,9,67,date '2016-01-25');
insert into studentcourse (studentid,courseid,progress,startdate) values (57,18,49,date '2015-01-25');
insert into studentcourse (studentid,courseid,progress,startdate) values (57,73,45,date '2017-01-25');
insert into studentcourse (studentid,courseid,progress,startdate) values (57,55,54,date '2017-01-25');
insert into studentcourse (studentid,courseid,progress,startdate) values (57,51,42,date '2014-01-25');
insert into studentcourse (studentid,courseid,progress,startdate) values (58,42,64,date '2017-08-25');
insert into studentcourse (studentid,courseid,progress,startdate) values (58,9,42,date '2016-01-25');
insert into studentcourse (studentid,courseid,progress,startdate) values (58,39,87,date '2016-01-25');
insert into studentcourse (studentid,courseid,progress,startdate) values (58,40,40,date '2015-01-25');
insert into studentcourse (studentid,courseid,progress,startdate) values (59,36,69,date '2017-01-25');
insert into studentcourse (studentid,courseid,progress,startdate) values (59,62,49,date '2017-08-25');
insert into studentcourse (studentid,courseid,progress,startdate) values (59,63,44,date '2015-08-25');
insert into studentcourse (studentid,courseid,progress,startdate) values (59,46,66,date '2017-01-25');
insert into studentcourse (studentid,courseid,progress,startdate) values (60,6,71,date '2016-01-25');
insert into studentcourse (studentid,courseid,progress,startdate) values (60,24,81,date '2014-01-25');
insert into studentcourse (studentid,courseid,progress,startdate) values (60,7,81,date '2017-01-25');
insert into studentcourse (studentid,courseid,progress,startdate) values (60,39,64,date '2017-01-25');
insert into studentcourse (studentid,courseid,progress,startdate) values (61,50,53,date '2015-01-25');
insert into studentcourse (studentid,courseid,progress,startdate) values (61,1,71,date '2016-01-25');
insert into studentcourse (studentid,courseid,progress,startdate) values (61,69,58,date '2014-01-25');
insert into studentcourse (studentid,courseid,progress,startdate) values (61,57,55,date '2016-01-25');
insert into studentcourse (studentid,courseid,progress,startdate) values (62,12,68,date '2017-08-25');
insert into studentcourse (studentid,courseid,progress,startdate) values (62,2,86,date '2017-01-25');
insert into studentcourse (studentid,courseid,progress,startdate) values (62,36,72,date '2015-01-25');
insert into studentcourse (studentid,courseid,progress,startdate) values (62,1,73,date '2017-01-25');
insert into studentcourse (studentid,courseid,progress,startdate) values (63,40,68,date '2017-01-25');
insert into studentcourse (studentid,courseid,progress,startdate) values (63,65,81,date '2016-01-25');
insert into studentcourse (studentid,courseid,progress,startdate) values (63,44,56,date '2015-01-25');
insert into studentcourse (studentid,courseid,progress,startdate) values (64,70,66,date '2017-01-25');
insert into studentcourse (studentid,courseid,progress,startdate) values (64,71,41,date '2017-01-25');
insert into studentcourse (studentid,courseid,progress,startdate) values (64,10,38,date '2014-01-25');
insert into studentcourse (studentid,courseid,progress,startdate) values (64,50,38,date '2016-01-25');
insert into studentcourse (studentid,courseid,progress,startdate) values (65,9,37,date '2016-01-25');
insert into studentcourse (studentid,courseid,progress,startdate) values (65,26,49,date '2014-01-25');
insert into studentcourse (studentid,courseid,progress,startdate) values (65,45,90,date '2017-08-25');
insert into studentcourse (studentid,courseid,progress,startdate) values (65,72,67,date '2017-08-25');
insert into studentcourse (studentid,courseid,progress,startdate) values (66,42,36,date '2017-08-25');
insert into studentcourse (studentid,courseid,progress,startdate) values (66,23,40,date '2017-08-25');
insert into studentcourse (studentid,courseid,progress,startdate) values (66,25,43,date '2015-01-25');
insert into studentcourse (studentid,courseid,progress,startdate) values (67,72,70,date '2017-01-25');
insert into studentcourse (studentid,courseid,progress,startdate) values (67,5,68,date '2017-01-25');
insert into studentcourse (studentid,courseid,progress,startdate) values (67,36,45,date '2016-01-25');
insert into studentcourse (studentid,courseid,progress,startdate) values (67,31,68,date '2016-01-25');
insert into studentcourse (studentid,courseid,progress,startdate) values (68,55,37,date '2016-01-25');
insert into studentcourse (studentid,courseid,progress,startdate) values (68,64,40,date '2017-01-25');
insert into studentcourse (studentid,courseid,progress,startdate) values (68,1,83,date '2015-01-25');
insert into studentcourse (studentid,courseid,progress,startdate) values (68,42,45,date '2014-08-25');
insert into studentcourse (studentid,courseid,progress,startdate) values (69,6,56,date '2017-08-25');
insert into studentcourse (studentid,courseid,progress,startdate) values (69,7,84,date '2015-08-25');
insert into studentcourse (studentid,courseid,progress,startdate) values (69,36,72,date '2016-08-25');
insert into studentcourse (studentid,courseid,progress,startdate) values (70,60,42,date '2017-01-25');
insert into studentcourse (studentid,courseid,progress,startdate) values (70,25,58,date '2016-01-25');
insert into studentcourse (studentid,courseid,progress,startdate) values (70,68,56,date '2014-01-25');
insert into studentcourse (studentid,courseid,progress,startdate) values (70,41,85,date '2016-01-25');
insert into studentcourse (studentid,courseid,progress,startdate) values (71,32,66,date '2014-01-25');
insert into studentcourse (studentid,courseid,progress,startdate) values (71,33,56,date '2017-01-25');
insert into studentcourse (studentid,courseid,progress,startdate) values (71,15,68,date '2015-08-25');
insert into studentcourse (studentid,courseid,progress,startdate) values (72,35,54,date '2015-01-25');
insert into studentcourse (studentid,courseid,progress,startdate) values (72,7,67,date '2017-01-25');
insert into studentcourse (studentid,courseid,progress,startdate) values (72,56,57,date '2017-01-25');
insert into studentcourse (studentid,courseid,progress,startdate) values (72,36,51,date '2016-01-25');
insert into studentcourse (studentid,courseid,progress,startdate) values (73,53,49,date '2014-01-25');
insert into studentcourse (studentid,courseid,progress,startdate) values (73,39,73,date '2017-01-25');
insert into studentcourse (studentid,courseid,progress,startdate) values (73,72,81,date '2015-01-25');
insert into studentcourse (studentid,courseid,progress,startdate) values (73,56,82,date '2017-01-25');
insert into studentcourse (studentid,courseid,progress,startdate) values (74,6,52,date '2015-01-25');
insert into studentcourse (studentid,courseid,progress,startdate) values (74,34,67,date '2016-01-25');
insert into studentcourse (studentid,courseid,progress,startdate) values (74,61,68,date '2016-01-25');
insert into studentcourse (studentid,courseid,progress,startdate) values (74,24,82,date '2017-01-25');
insert into studentcourse (studentid,courseid,progress,startdate) values (75,23,44,date '2017-01-25');
insert into studentcourse (studentid,courseid,progress,startdate) values (75,9,71,date '2017-01-25');
insert into studentcourse (studentid,courseid,progress,startdate) values (75,27,88,date '2017-08-25');
insert into studentcourse (studentid,courseid,progress,startdate) values (75,50,42,date '2015-01-25');
insert into studentcourse (studentid,courseid,progress,startdate) values (76,39,58,date '2017-01-25');
insert into studentcourse (studentid,courseid,progress,startdate) values (76,17,43,date '2017-01-25');
insert into studentcourse (studentid,courseid,progress,startdate) values (76,37,36,date '2014-01-25');
insert into studentcourse (studentid,courseid,progress,startdate) values (76,22,87,date '2016-01-25');
insert into studentcourse (studentid,courseid,progress,startdate) values (77,1,85,date '2016-01-25');
insert into studentcourse (studentid,courseid,progress,startdate) values (77,13,81,date '2015-01-25');
insert into studentcourse (studentid,courseid,progress,startdate) values (77,62,67,date '2017-01-25');
insert into studentcourse (studentid,courseid,progress,startdate) values (77,20,84,date '2015-08-25');
insert into studentcourse (studentid,courseid,progress,startdate) values (78,72,65,date '2016-08-25');
insert into studentcourse (studentid,courseid,progress,startdate) values (78,59,81,date '2016-08-25');
insert into studentcourse (studentid,courseid,progress,startdate) values (78,21,87,date '2017-01-25');
insert into studentcourse (studentid,courseid,progress,startdate) values (78,48,83,date '2017-01-25');
insert into studentcourse (studentid,courseid,progress,startdate) values (79,1,68,date '2015-01-25');
insert into studentcourse (studentid,courseid,progress,startdate) values (79,28,83,date '2017-01-25');
insert into studentcourse (studentid,courseid,progress,startdate) values (79,50,88,date '2014-01-25');
insert into studentcourse (studentid,courseid,progress,startdate) values (79,44,83,date '2016-01-25');
insert into studentcourse (studentid,courseid,progress,startdate) values (80,39,41,date '2014-01-25');
insert into studentcourse (studentid,courseid,progress,startdate) values (80,15,90,date '2017-01-25');
insert into studentcourse (studentid,courseid,progress,startdate) values (80,29,84,date '2017-08-25');
insert into studentcourse (studentid,courseid,progress,startdate) values (80,7,45,date '2016-08-25');
insert into studentcourse (studentid,courseid,progress,startdate) values (81,19,52,date '2017-08-25');
insert into studentcourse (studentid,courseid,progress,startdate) values (81,47,52,date '2016-08-25');
insert into studentcourse (studentid,courseid,progress,startdate) values (81,37,67,date '2015-01-25');
insert into studentcourse (studentid,courseid,progress,startdate) values (81,42,68,date '2017-01-25');
insert into studentcourse (studentid,courseid,progress,startdate) values (82,67,64,date '2017-01-25');
insert into studentcourse (studentid,courseid,progress,startdate) values (82,21,83,date '2015-01-25');
insert into studentcourse (studentid,courseid,progress,startdate) values (82,26,65,date '2014-01-25');
insert into studentcourse (studentid,courseid,progress,startdate) values (82,29,70,date '2016-01-25');
insert into studentcourse (studentid,courseid,progress,startdate) values (83,76,44,date '2014-01-25');
insert into studentcourse (studentid,courseid,progress,startdate) values (83,67,83,date '2017-01-25');
insert into studentcourse (studentid,courseid,progress,startdate) values (83,53,57,date '2017-01-25');
insert into studentcourse (studentid,courseid,progress,startdate) values (83,13,49,date '2015-08-25');
insert into studentcourse (studentid,courseid,progress,startdate) values (84,33,58,date '2017-01-25');
insert into studentcourse (studentid,courseid,progress,startdate) values (84,32,54,date '2015-01-25');
insert into studentcourse (studentid,courseid,progress,startdate) values (84,49,70,date '2016-01-25');
insert into studentcourse (studentid,courseid,progress,startdate) values (84,64,72,date '2016-01-25');
insert into studentcourse (studentid,courseid,progress,startdate) values (85,49,84,date '2016-01-25');
insert into studentcourse (studentid,courseid,progress,startdate) values (85,68,90,date '2017-01-25');
insert into studentcourse (studentid,courseid,progress,startdate) values (85,53,54,date '2017-08-25');
insert into studentcourse (studentid,courseid,progress,startdate) values (85,36,66,date '2017-01-25');
insert into studentcourse (studentid,courseid,progress,startdate) values (86,7,52,date '2015-01-25');
insert into studentcourse (studentid,courseid,progress,startdate) values (86,34,38,date '2014-01-25');
insert into studentcourse (studentid,courseid,progress,startdate) values (86,40,55,date '2016-01-25');
insert into studentcourse (studentid,courseid,progress,startdate) values (87,23,51,date '2016-01-25');
insert into studentcourse (studentid,courseid,progress,startdate) values (87,57,44,date '2014-01-25');
insert into studentcourse (studentid,courseid,progress,startdate) values (87,63,57,date '2015-01-25');
insert into studentcourse (studentid,courseid,progress,startdate) values (87,7,88,date '2014-08-25');
insert into studentcourse (studentid,courseid,progress,startdate) values (88,43,55,date '2017-01-25');
insert into studentcourse (studentid,courseid,progress,startdate) values (88,47,64,date '2015-01-25');
insert into studentcourse (studentid,courseid,progress,startdate) values (88,41,83,date '2017-01-25');
insert into studentcourse (studentid,courseid,progress,startdate) values (88,27,65,date '2016-01-25');
insert into studentcourse (studentid,courseid,progress,startdate) values (89,58,54,date '2016-01-25');
insert into studentcourse (studentid,courseid,progress,startdate) values (89,54,69,date '2014-01-25');
insert into studentcourse (studentid,courseid,progress,startdate) values (89,69,89,date '2017-01-25');
insert into studentcourse (studentid,courseid,progress,startdate) values (89,18,83,date '2015-01-25');
insert into studentcourse (studentid,courseid,progress,startdate) values (90,30,85,date '2015-01-25');
insert into studentcourse (studentid,courseid,progress,startdate) values (90,15,45,date '2016-01-25');
insert into studentcourse (studentid,courseid,progress,startdate) values (90,42,65,date '2017-08-25');
insert into studentcourse (studentid,courseid,progress,startdate) values (90,19,54,date '2015-08-25');
insert into studentcourse (studentid,courseid,progress,startdate) values (91,31,44,date '2017-08-25');
insert into studentcourse (studentid,courseid,progress,startdate) values (91,62,88,date '2017-08-25');
insert into studentcourse (studentid,courseid,progress,startdate) values (91,24,36,date '2015-08-25');
insert into studentcourse (studentid,courseid,progress,startdate) values (91,61,54,date '2016-01-25');
insert into studentcourse (studentid,courseid,progress,startdate) values (92,15,38,date '2016-01-25');
insert into studentcourse (studentid,courseid,progress,startdate) values (92,39,55,date '2015-01-25');
insert into studentcourse (studentid,courseid,progress,startdate) values (92,7,51,date '2017-01-25');
insert into studentcourse (studentid,courseid,progress,startdate) values (93,63,89,date '2017-01-25');
insert into studentcourse (studentid,courseid,progress,startdate) values (93,7,51,date '2015-01-25');
insert into studentcourse (studentid,courseid,progress,startdate) values (93,59,84,date '2014-01-25');
insert into studentcourse (studentid,courseid,progress,startdate) values (94,48,89,date '2016-01-25');
insert into studentcourse (studentid,courseid,progress,startdate) values (94,67,90,date '2016-01-25');
insert into studentcourse (studentid,courseid,progress,startdate) values (94,18,41,date '2014-08-25');
insert into studentcourse (studentid,courseid,progress,startdate) values (94,66,73,date '2016-08-25');
insert into studentcourse (studentid,courseid,progress,startdate) values (95,45,90,date '2015-01-25');
insert into studentcourse (studentid,courseid,progress,startdate) values (95,40,44,date '2017-01-25');
insert into studentcourse (studentid,courseid,progress,startdate) values (95,74,67,date '2017-01-25');
insert into studentcourse (studentid,courseid,progress,startdate) values (95,36,82,date '2015-01-25');
insert into studentcourse (studentid,courseid,progress,startdate) values (96,68,49,date '2017-08-25');
insert into studentcourse (studentid,courseid,progress,startdate) values (96,36,67,date '2014-01-25');
insert into studentcourse (studentid,courseid,progress,startdate) values (96,56,85,date '2016-01-25');
insert into studentcourse (studentid,courseid,progress,startdate) values (96,4,72,date '2015-01-25');
insert into studentcourse (studentid,courseid,progress,startdate) values (97,70,52,date '2017-01-25');
insert into studentcourse (studentid,courseid,progress,startdate) values (97,69,51,date '2017-01-25');
insert into studentcourse (studentid,courseid,progress,startdate) values (97,19,52,date '2016-01-25');
insert into studentcourse (studentid,courseid,progress,startdate) values (97,14,53,date '2017-08-25');
insert into studentcourse (studentid,courseid,progress,startdate) values (98,35,87,date '2015-08-25');
insert into studentcourse (studentid,courseid,progress,startdate) values (98,6,49,date '2016-08-25');
insert into studentcourse (studentid,courseid,progress,startdate) values (98,46,86,date '2016-01-25');
insert into studentcourse (studentid,courseid,progress,startdate) values (99,56,82,date '2016-01-25');
insert into studentcourse (studentid,courseid,progress,startdate) values (99,45,71,date '2015-01-25');
insert into studentcourse (studentid,courseid,progress,startdate) values (99,3,36,date '2017-01-25');
insert into studentcourse (studentid,courseid,progress,startdate) values (99,43,36,date '2017-01-25');
insert into studentcourse (studentid,courseid,progress,startdate) values (100,50,87,date '2015-01-25');
insert into studentcourse (studentid,courseid,progress,startdate) values (100,28,83,date '2016-01-25');
insert into studentcourse (studentid,courseid,progress,startdate) values (100,62,41,date '2017-08-25');
insert into studentcourse (studentid,courseid,progress,startdate) values (100,29,89,date '2017-08-25');
insert into studentcourse (studentid,courseid,progress,startdate) values (100,54,81,date '2015-08-25');
insert into studentcourse (studentid,courseid,progress,startdate) values (101,62,56,date '2016-01-25');
insert into studentcourse (studentid,courseid,progress,startdate) values (101,56,50,date '2014-01-25');
insert into studentcourse (studentid,courseid,progress,startdate) values (101,41,87,date '2016-01-25');
insert into studentcourse (studentid,courseid,progress,startdate) values (101,18,65,date '2017-01-25');
insert into studentcourse (studentid,courseid,progress,startdate) values (102,64,40,date '2017-01-25');
insert into studentcourse (studentid,courseid,progress,startdate) values (102,72,89,date '2015-01-25');
insert into studentcourse (studentid,courseid,progress,startdate) values (102,49,81,date '2014-08-25');
insert into studentcourse (studentid,courseid,progress,startdate) values (102,68,90,date '2017-01-25');
insert into studentcourse (studentid,courseid,progress,startdate) values (103,2,57,date '2017-01-25');
insert into studentcourse (studentid,courseid,progress,startdate) values (103,12,58,date '2015-01-25');
insert into studentcourse (studentid,courseid,progress,startdate) values (103,18,81,date '2017-01-25');
insert into studentcourse (studentid,courseid,progress,startdate) values (103,19,45,date '2015-01-25');
insert into studentcourse (studentid,courseid,progress,startdate) values (104,44,66,date '2015-08-25');
insert into studentcourse (studentid,courseid,progress,startdate) values (104,73,50,date '2014-01-25');
insert into studentcourse (studentid,courseid,progress,startdate) values (104,19,41,date '2016-01-25');
insert into studentcourse (studentid,courseid,progress,startdate) values (104,6,58,date '2017-01-25');
insert into studentcourse (studentid,courseid,progress,startdate) values (104,26,55,date '2017-01-25');
insert into studentcourse (studentid,courseid,progress,startdate) values (105,43,45,date '2015-01-25');
insert into studentcourse (studentid,courseid,progress,startdate) values (105,19,57,date '2016-01-25');
insert into studentcourse (studentid,courseid,progress,startdate) values (105,32,49,date '2017-08-25');
insert into studentcourse (studentid,courseid,progress,startdate) values (105,64,54,date '2016-08-25');
insert into studentcourse (studentid,courseid,progress,startdate) values (106,50,43,date '2017-08-25');
insert into studentcourse (studentid,courseid,progress,startdate) values (106,47,86,date '2016-08-25');
insert into studentcourse (studentid,courseid,progress,startdate) values (106,19,56,date '2015-08-25');
insert into studentcourse (studentid,courseid,progress,startdate) values (106,67,87,date '2014-08-25');
insert into studentcourse (studentid,courseid,progress,startdate) values (107,30,53,date '2017-08-25');
insert into studentcourse (studentid,courseid,progress,startdate) values (107,39,68,date '2016-01-25');
insert into studentcourse (studentid,courseid,progress,startdate) values (107,33,70,date '2015-01-25');
insert into studentcourse (studentid,courseid,progress,startdate) values (107,40,81,date '2017-01-25');
insert into studentcourse (studentid,courseid,progress,startdate) values (107,53,82,date '2017-01-25');
insert into studentcourse (studentid,courseid,progress,startdate) values (108,75,56,date '2014-01-25');
insert into studentcourse (studentid,courseid,progress,startdate) values (108,71,68,date '2016-01-25');
insert into studentcourse (studentid,courseid,progress,startdate) values (108,20,71,date '2015-01-25');
insert into studentcourse (studentid,courseid,progress,startdate) values (108,24,56,date '2017-01-25');
insert into studentcourse (studentid,courseid,progress,startdate) values (109,8,90,date '2016-01-25');
insert into studentcourse (studentid,courseid,progress,startdate) values (109,39,54,date '2017-08-25');
insert into studentcourse (studentid,courseid,progress,startdate) values (109,23,40,date '2017-01-25');
insert into studentcourse (studentid,courseid,progress,startdate) values (109,53,42,date '2015-01-25');
insert into studentcourse (studentid,courseid,progress,startdate) values (110,57,72,date '2016-01-25');
insert into studentcourse (studentid,courseid,progress,startdate) values (110,32,66,date '2014-01-25');
insert into studentcourse (studentid,courseid,progress,startdate) values (110,72,51,date '2017-01-25');
insert into studentcourse (studentid,courseid,progress,startdate) values (110,68,50,date '2017-01-25');
insert into studentcourse (studentid,courseid,progress,startdate) values (110,51,65,date '2016-01-25');
insert into studentcourse (studentid,courseid,progress,startdate) values (111,29,89,date '2017-01-25');
insert into studentcourse (studentid,courseid,progress,startdate) values (111,70,56,date '2015-01-25');
insert into studentcourse (studentid,courseid,progress,startdate) values (111,21,38,date '2015-08-25');
insert into studentcourse (studentid,courseid,progress,startdate) values (112,63,89,date '2017-08-25');
insert into studentcourse (studentid,courseid,progress,startdate) values (112,6,40,date '2016-08-25');
insert into studentcourse (studentid,courseid,progress,startdate) values (112,64,72,date '2016-08-25');
insert into studentcourse (studentid,courseid,progress,startdate) values (112,17,65,date '2017-08-25');
insert into studentcourse (studentid,courseid,progress,startdate) values (113,48,83,date '2016-01-25');
insert into studentcourse (studentid,courseid,progress,startdate) values (113,76,54,date '2017-01-25');
insert into studentcourse (studentid,courseid,progress,startdate) values (113,2,67,date '2014-01-25');
insert into studentcourse (studentid,courseid,progress,startdate) values (113,33,39,date '2015-01-25');
insert into studentcourse (studentid,courseid,progress,startdate) values (114,29,71,date '2016-01-25');
insert into studentcourse (studentid,courseid,progress,startdate) values (114,71,43,date '2017-01-25');
insert into studentcourse (studentid,courseid,progress,startdate) values (114,56,64,date '2017-08-25');
insert into studentcourse (studentid,courseid,progress,startdate) values (114,30,52,date '2016-01-25');
insert into studentcourse (studentid,courseid,progress,startdate) values (115,35,82,date '2017-01-25');
insert into studentcourse (studentid,courseid,progress,startdate) values (115,11,56,date '2015-01-25');
insert into studentcourse (studentid,courseid,progress,startdate) values (115,59,69,date '2016-01-25');
insert into studentcourse (studentid,courseid,progress,startdate) values (115,66,88,date '2017-01-25');
insert into studentcourse (studentid,courseid,progress,startdate) values (116,63,58,date '2017-01-25');
insert into studentcourse (studentid,courseid,progress,startdate) values (116,52,50,date '2014-01-25');
insert into studentcourse (studentid,courseid,progress,startdate) values (116,33,54,date '2016-01-25');
insert into studentcourse (studentid,courseid,progress,startdate) values (116,53,71,date '2016-01-25');
insert into studentcourse (studentid,courseid,progress,startdate) values (117,76,82,date '2014-08-25');
insert into studentcourse (studentid,courseid,progress,startdate) values (117,67,81,date '2015-08-25');
insert into studentcourse (studentid,courseid,progress,startdate) values (117,72,53,date '2017-08-25');
insert into studentcourse (studentid,courseid,progress,startdate) values (117,32,54,date '2015-01-25');
insert into studentcourse (studentid,courseid,progress,startdate) values (117,44,40,date '2017-01-25');
insert into studentcourse (studentid,courseid,progress,startdate) values (118,9,81,date '2017-01-25');
insert into studentcourse (studentid,courseid,progress,startdate) values (118,57,36,date '2015-01-25');
insert into studentcourse (studentid,courseid,progress,startdate) values (118,23,66,date '2016-01-25');
insert into studentcourse (studentid,courseid,progress,startdate) values (119,35,36,date '2016-01-25');
insert into studentcourse (studentid,courseid,progress,startdate) values (119,52,44,date '2014-01-25');
insert into studentcourse (studentid,courseid,progress,startdate) values (119,19,88,date '2017-01-25');
insert into studentcourse (studentid,courseid,progress,startdate) values (120,9,73,date '2017-08-25');
insert into studentcourse (studentid,courseid,progress,startdate) values (120,23,57,date '2017-01-25');
insert into studentcourse (studentid,courseid,progress,startdate) values (120,59,90,date '2017-01-25');
insert into studentcourse (studentid,courseid,progress,startdate) values (120,71,40,date '2015-01-25');
insert into studentcourse (studentid,courseid,progress,startdate) values (120,38,71,date '2017-01-25');
insert into studentcourse (studentid,courseid,progress,startdate) values (121,48,84,date '2016-01-25');
insert into studentcourse (studentid,courseid,progress,startdate) values (121,21,38,date '2016-01-25');
insert into studentcourse (studentid,courseid,progress,startdate) values (121,68,49,date '2016-08-25');
insert into studentcourse (studentid,courseid,progress,startdate) values (122,23,44,date '2017-08-25');
insert into studentcourse (studentid,courseid,progress,startdate) values (122,26,64,date '2016-01-25');
insert into studentcourse (studentid,courseid,progress,startdate) values (122,12,72,date '2016-01-25');
insert into studentcourse (studentid,courseid,progress,startdate) values (122,54,67,date '2016-01-25');
insert into studentcourse (studentid,courseid,progress,startdate) values (123,6,69,date '2015-01-25');
insert into studentcourse (studentid,courseid,progress,startdate) values (123,7,55,date '2017-01-25');
insert into studentcourse (studentid,courseid,progress,startdate) values (123,66,39,date '2014-01-25');
insert into studentcourse (studentid,courseid,progress,startdate) values (123,33,89,date '2016-01-25');
insert into studentcourse (studentid,courseid,progress,startdate) values (124,69,70,date '2015-08-25');
insert into studentcourse (studentid,courseid,progress,startdate) values (124,75,40,date '2017-01-25');
insert into studentcourse (studentid,courseid,progress,startdate) values (124,43,83,date '2017-01-25');
insert into studentcourse (studentid,courseid,progress,startdate) values (124,37,87,date '2015-01-25');
insert into studentcourse (studentid,courseid,progress,startdate) values (125,29,86,date '2016-01-25');
insert into studentcourse (studentid,courseid,progress,startdate) values (125,71,84,date '2014-01-25');
insert into studentcourse (studentid,courseid,progress,startdate) values (125,16,58,date '2017-01-25');
insert into studentcourse (studentid,courseid,progress,startdate) values (125,1,54,date '2016-08-25');
insert into studentcourse (studentid,courseid,progress,startdate) values (125,46,86,date '2017-08-25');
insert into studentcourse (studentid,courseid,progress,startdate) values (126,8,39,date '2017-08-25');
insert into studentcourse (studentid,courseid,progress,startdate) values (126,39,44,date '2017-01-25');
insert into studentcourse (studentid,courseid,progress,startdate) values (126,60,58,date '2016-01-25');
insert into studentcourse (studentid,courseid,progress,startdate) values (126,12,90,date '2016-01-25');
insert into studentcourse (studentid,courseid,progress,startdate) values (127,34,51,date '2015-01-25');
insert into studentcourse (studentid,courseid,progress,startdate) values (127,52,43,date '2017-01-25');
insert into studentcourse (studentid,courseid,progress,startdate) values (127,54,86,date '2017-01-25');
insert into studentcourse (studentid,courseid,progress,startdate) values (127,70,42,date '2015-08-25');
insert into studentcourse (studentid,courseid,progress,startdate) values (128,21,53,date '2015-01-25');
insert into studentcourse (studentid,courseid,progress,startdate) values (128,76,38,date '2016-01-25');
insert into studentcourse (studentid,courseid,progress,startdate) values (128,22,73,date '2016-01-25');
insert into studentcourse (studentid,courseid,progress,startdate) values (128,2,90,date '2014-01-25');
insert into studentcourse (studentid,courseid,progress,startdate) values (129,38,84,date '2017-01-25');
insert into studentcourse (studentid,courseid,progress,startdate) values (129,11,64,date '2017-01-25');
insert into studentcourse (studentid,courseid,progress,startdate) values (129,32,44,date '2015-01-25');
insert into studentcourse (studentid,courseid,progress,startdate) values (130,23,73,date '2017-01-25');
insert into studentcourse (studentid,courseid,progress,startdate) values (130,26,64,date '2017-08-25');
insert into studentcourse (studentid,courseid,progress,startdate) values (130,59,87,date '2017-08-25');
insert into studentcourse (studentid,courseid,progress,startdate) values (130,66,42,date '2014-08-25');
insert into studentcourse (studentid,courseid,progress,startdate) values (131,57,81,date '2016-01-25');
insert into studentcourse (studentid,courseid,progress,startdate) values (131,23,53,date '2016-01-25');
insert into studentcourse (studentid,courseid,progress,startdate) values (131,21,65,date '2014-01-25');
insert into studentcourse (studentid,courseid,progress,startdate) values (131,22,81,date '2017-01-25');
insert into studentcourse (studentid,courseid,progress,startdate) values (132,10,71,date '2017-01-25');
insert into studentcourse (studentid,courseid,progress,startdate) values (132,24,39,date '2015-08-25');
insert into studentcourse (studentid,courseid,progress,startdate) values (132,68,57,date '2015-01-25');
insert into studentcourse (studentid,courseid,progress,startdate) values (132,3,82,date '2016-01-25');
insert into studentcourse (studentid,courseid,progress,startdate) values (133,57,56,date '2016-01-25');
insert into studentcourse (studentid,courseid,progress,startdate) values (133,33,88,date '2017-01-25');
insert into studentcourse (studentid,courseid,progress,startdate) values (133,39,38,date '2017-01-25');
insert into studentcourse (studentid,courseid,progress,startdate) values (133,46,38,date '2015-01-25');
insert into studentcourse (studentid,courseid,progress,startdate) values (134,59,64,date '2015-01-25');
insert into studentcourse (studentid,courseid,progress,startdate) values (134,61,84,date '2016-01-25');
insert into studentcourse (studentid,courseid,progress,startdate) values (134,42,67,date '2016-01-25');
insert into studentcourse (studentid,courseid,progress,startdate) values (134,52,57,date '2016-08-25');
insert into studentcourse (studentid,courseid,progress,startdate) values (134,33,57,date '2017-08-25');
insert into studentcourse (studentid,courseid,progress,startdate) values (135,70,86,date '2016-01-25');
insert into studentcourse (studentid,courseid,progress,startdate) values (135,75,70,date '2017-01-25');
insert into studentcourse (studentid,courseid,progress,startdate) values (135,40,88,date '2015-01-25');
insert into studentcourse (studentid,courseid,progress,startdate) values (135,9,36,date '2017-01-25');
insert into studentcourse (studentid,courseid,progress,startdate) values (136,53,51,date '2015-01-25');
insert into studentcourse (studentid,courseid,progress,startdate) values (136,51,85,date '2016-01-25');
insert into studentcourse (studentid,courseid,progress,startdate) values (136,47,88,date '2016-01-25');
insert into studentcourse (studentid,courseid,progress,startdate) values (136,33,43,date '2014-01-25');
insert into studentcourse (studentid,courseid,progress,startdate) values (137,8,39,date '2017-01-25');
insert into studentcourse (studentid,courseid,progress,startdate) values (137,15,71,date '2017-01-25');
insert into studentcourse (studentid,courseid,progress,startdate) values (137,25,57,date '2017-01-25');
insert into studentcourse (studentid,courseid,progress,startdate) values (138,48,85,date '2017-08-25');
insert into studentcourse (studentid,courseid,progress,startdate) values (138,76,88,date '2015-08-25');
insert into studentcourse (studentid,courseid,progress,startdate) values (138,62,38,date '2017-08-25');
insert into studentcourse (studentid,courseid,progress,startdate) values (138,71,68,date '2016-01-25');
insert into studentcourse (studentid,courseid,progress,startdate) values (139,2,56,date '2016-01-25');
insert into studentcourse (studentid,courseid,progress,startdate) values (139,30,84,date '2015-01-25');
insert into studentcourse (studentid,courseid,progress,startdate) values (139,48,69,date '2017-01-25');
insert into studentcourse (studentid,courseid,progress,startdate) values (140,26,82,date '2017-01-25');
insert into studentcourse (studentid,courseid,progress,startdate) values (140,23,81,date '2014-01-25');
insert into studentcourse (studentid,courseid,progress,startdate) values (140,34,51,date '2014-01-25');
insert into studentcourse (studentid,courseid,progress,startdate) values (140,70,55,date '2016-08-25');
insert into studentcourse (studentid,courseid,progress,startdate) values (141,73,37,date '2016-01-25');
insert into studentcourse (studentid,courseid,progress,startdate) values (141,65,68,date '2015-01-25');
insert into studentcourse (studentid,courseid,progress,startdate) values (141,34,41,date '2017-01-25');
insert into studentcourse (studentid,courseid,progress,startdate) values (142,19,69,date '2017-01-25');
insert into studentcourse (studentid,courseid,progress,startdate) values (142,46,85,date '2017-08-25');
insert into studentcourse (studentid,courseid,progress,startdate) values (142,9,82,date '2016-01-25');
insert into studentcourse (studentid,courseid,progress,startdate) values (142,38,67,date '2014-01-25');
insert into studentcourse (studentid,courseid,progress,startdate) values (143,66,67,date '2016-01-25');
insert into studentcourse (studentid,courseid,progress,startdate) values (143,25,84,date '2015-01-25');
insert into studentcourse (studentid,courseid,progress,startdate) values (143,28,69,date '2017-01-25');
insert into studentcourse (studentid,courseid,progress,startdate) values (144,7,68,date '2017-01-25');
insert into studentcourse (studentid,courseid,progress,startdate) values (144,52,37,date '2017-08-25');
insert into studentcourse (studentid,courseid,progress,startdate) values (144,33,55,date '2016-01-25');
insert into studentcourse (studentid,courseid,progress,startdate) values (144,29,43,date '2014-01-25');
insert into studentcourse (studentid,courseid,progress,startdate) values (144,64,71,date '2016-01-25');
insert into studentcourse (studentid,courseid,progress,startdate) values (145,71,70,date '2015-01-25');
insert into studentcourse (studentid,courseid,progress,startdate) values (145,69,81,date '2017-01-25');
insert into studentcourse (studentid,courseid,progress,startdate) values (145,48,64,date '2017-01-25');
insert into studentcourse (studentid,courseid,progress,startdate) values (145,65,66,date '2016-01-25');
insert into studentcourse (studentid,courseid,progress,startdate) values (146,41,64,date '2014-01-25');
insert into studentcourse (studentid,courseid,progress,startdate) values (146,36,69,date '2016-01-25');
insert into studentcourse (studentid,courseid,progress,startdate) values (146,70,43,date '2016-08-25');
insert into studentcourse (studentid,courseid,progress,startdate) values (146,44,65,date '2014-08-25');
insert into studentcourse (studentid,courseid,progress,startdate) values (147,44,68,date '2017-08-25');
insert into studentcourse (studentid,courseid,progress,startdate) values (147,45,41,date '2015-01-25');
insert into studentcourse (studentid,courseid,progress,startdate) values (147,16,84,date '2017-01-25');
insert into studentcourse (studentid,courseid,progress,startdate) values (147,59,52,date '2015-01-25');
insert into studentcourse (studentid,courseid,progress,startdate) values (147,73,67,date '2016-01-25');
insert into studentcourse (studentid,courseid,progress,startdate) values (148,7,55,date '2016-01-25');
insert into studentcourse (studentid,courseid,progress,startdate) values (148,35,81,date '2014-01-25');
insert into studentcourse (studentid,courseid,progress,startdate) values (148,68,42,date '2015-08-25');
insert into studentcourse (studentid,courseid,progress,startdate) values (148,51,70,date '2014-08-25');
insert into studentcourse (studentid,courseid,progress,startdate) values (148,69,45,date '2017-08-25');
insert into studentcourse (studentid,courseid,progress,startdate) values (149,10,54,date '2017-08-25');
insert into studentcourse (studentid,courseid,progress,startdate) values (149,16,73,date '2016-08-25');
insert into studentcourse (studentid,courseid,progress,startdate) values (149,7,44,date '2016-01-25');
insert into studentcourse (studentid,courseid,progress,startdate) values (149,34,69,date '2017-01-25');
insert into studentcourse (studentid,courseid,progress,startdate) values (150,23,87,date '2017-01-25');
insert into studentcourse (studentid,courseid,progress,startdate) values (150,26,70,date '2017-01-25');
insert into studentcourse (studentid,courseid,progress,startdate) values (150,29,52,date '2015-01-25');
insert into studentcourse (studentid,courseid,progress,startdate) values (150,35,56,date '2016-01-25');
insert into studentcourse (studentid,courseid,progress,startdate) values (151,65,45,date '2016-01-25');
insert into studentcourse (studentid,courseid,progress,startdate) values (151,73,52,date '2016-01-25');
insert into studentcourse (studentid,courseid,progress,startdate) values (151,33,43,date '2017-01-25');
insert into studentcourse (studentid,courseid,progress,startdate) values (151,2,53,date '2017-08-25');
insert into studentcourse (studentid,courseid,progress,startdate) values (152,54,89,date '2015-08-25');
insert into studentcourse (studentid,courseid,progress,startdate) values (152,61,40,date '2014-01-25');
insert into studentcourse (studentid,courseid,progress,startdate) values (152,5,55,date '2016-01-25');
insert into studentcourse (studentid,courseid,progress,startdate) values (152,15,42,date '2017-01-25');
insert into studentcourse (studentid,courseid,progress,startdate) values (153,51,70,date '2016-01-25');
insert into studentcourse (studentid,courseid,progress,startdate) values (153,15,43,date '2015-01-25');
insert into studentcourse (studentid,courseid,progress,startdate) values (153,56,54,date '2014-01-25');
insert into studentcourse (studentid,courseid,progress,startdate) values (153,4,67,date '2017-01-25');
insert into studentcourse (studentid,courseid,progress,startdate) values (153,40,36,date '2017-08-25');
insert into studentcourse (studentid,courseid,progress,startdate) values (154,3,90,date '2016-01-25');
insert into studentcourse (studentid,courseid,progress,startdate) values (154,35,51,date '2017-01-25');
insert into studentcourse (studentid,courseid,progress,startdate) values (154,28,36,date '2016-01-25');
insert into studentcourse (studentid,courseid,progress,startdate) values (154,63,83,date '2014-01-25');
insert into studentcourse (studentid,courseid,progress,startdate) values (155,27,53,date '2015-01-25');
insert into studentcourse (studentid,courseid,progress,startdate) values (155,62,72,date '2016-01-25');
insert into studentcourse (studentid,courseid,progress,startdate) values (155,6,70,date '2016-08-25');
insert into studentcourse (studentid,courseid,progress,startdate) values (155,63,58,date '2017-08-25');
insert into studentcourse (studentid,courseid,progress,startdate) values (156,68,55,date '2016-08-25');
insert into studentcourse (studentid,courseid,progress,startdate) values (156,44,56,date '2014-01-25');
insert into studentcourse (studentid,courseid,progress,startdate) values (156,57,49,date '2017-01-25');
insert into studentcourse (studentid,courseid,progress,startdate) values (156,8,49,date '2015-01-25');
insert into studentcourse (studentid,courseid,progress,startdate) values (157,41,70,date '2016-01-25');
insert into studentcourse (studentid,courseid,progress,startdate) values (157,65,66,date '2017-01-25');
insert into studentcourse (studentid,courseid,progress,startdate) values (157,62,38,date '2017-01-25');
insert into studentcourse (studentid,courseid,progress,startdate) values (157,73,69,date '2016-01-25');
insert into studentcourse (studentid,courseid,progress,startdate) values (158,57,88,date '2014-01-25');
insert into studentcourse (studentid,courseid,progress,startdate) values (158,26,69,date '2014-08-25');
insert into studentcourse (studentid,courseid,progress,startdate) values (158,27,43,date '2015-08-25');
insert into studentcourse (studentid,courseid,progress,startdate) values (158,5,86,date '2016-01-25');
insert into studentcourse (studentid,courseid,progress,startdate) values (159,48,44,date '2015-01-25');
insert into studentcourse (studentid,courseid,progress,startdate) values (159,21,58,date '2017-01-25');
insert into studentcourse (studentid,courseid,progress,startdate) values (159,29,86,date '2017-01-25');
insert into studentcourse (studentid,courseid,progress,startdate) values (159,34,51,date '2017-08-25');
insert into studentcourse (studentid,courseid,progress,startdate) values (160,52,65,date '2016-08-25');
insert into studentcourse (studentid,courseid,progress,startdate) values (160,16,41,date '2017-01-25');
insert into studentcourse (studentid,courseid,progress,startdate) values (160,36,67,date '2015-01-25');
insert into studentcourse (studentid,courseid,progress,startdate) values (160,72,43,date '2016-01-25');
insert into studentcourse (studentid,courseid,progress,startdate) values (161,27,54,date '2016-01-25');
insert into studentcourse (studentid,courseid,progress,startdate) values (161,73,38,date '2016-01-25');
insert into studentcourse (studentid,courseid,progress,startdate) values (161,15,82,date '2016-01-25');
insert into studentcourse (studentid,courseid,progress,startdate) values (161,2,49,date '2017-01-25');
insert into studentcourse (studentid,courseid,progress,startdate) values (162,1,82,date '2017-01-25');
insert into studentcourse (studentid,courseid,progress,startdate) values (162,46,56,date '2015-01-25');
insert into studentcourse (studentid,courseid,progress,startdate) values (162,55,44,date '2016-01-25');
insert into studentcourse (studentid,courseid,progress,startdate) values (162,53,82,date '2014-01-25');
insert into studentcourse (studentid,courseid,progress,startdate) values (163,76,67,date '2017-08-25');
insert into studentcourse (studentid,courseid,progress,startdate) values (163,48,71,date '2017-01-25');
insert into studentcourse (studentid,courseid,progress,startdate) values (163,33,52,date '2017-01-25');
insert into studentcourse (studentid,courseid,progress,startdate) values (163,25,84,date '2016-01-25');
insert into studentcourse (studentid,courseid,progress,startdate) values (164,31,40,date '2016-01-25');
insert into studentcourse (studentid,courseid,progress,startdate) values (164,4,72,date '2016-01-25');
insert into studentcourse (studentid,courseid,progress,startdate) values (164,35,67,date '2017-08-25');
insert into studentcourse (studentid,courseid,progress,startdate) values (164,50,81,date '2016-01-25');
insert into studentcourse (studentid,courseid,progress,startdate) values (165,67,72,date '2015-01-25');
insert into studentcourse (studentid,courseid,progress,startdate) values (165,76,88,date '2017-01-25');
insert into studentcourse (studentid,courseid,progress,startdate) values (165,12,40,date '2015-01-25');
insert into studentcourse (studentid,courseid,progress,startdate) values (165,44,65,date '2017-01-25');
insert into studentcourse (studentid,courseid,progress,startdate) values (166,13,45,date '2016-01-25');
insert into studentcourse (studentid,courseid,progress,startdate) values (166,43,50,date '2016-08-25');
insert into studentcourse (studentid,courseid,progress,startdate) values (166,69,41,date '2017-08-25');
insert into studentcourse (studentid,courseid,progress,startdate) values (166,25,69,date '2014-01-25');
insert into studentcourse (studentid,courseid,progress,startdate) values (167,19,90,date '2017-01-25');
insert into studentcourse (studentid,courseid,progress,startdate) values (167,1,44,date '2017-01-25');
insert into studentcourse (studentid,courseid,progress,startdate) values (167,53,70,date '2015-01-25');
insert into studentcourse (studentid,courseid,progress,startdate) values (167,57,44,date '2016-01-25');
insert into studentcourse (studentid,courseid,progress,startdate) values (168,34,51,date '2016-01-25');
insert into studentcourse (studentid,courseid,progress,startdate) values (168,10,66,date '2016-01-25');
insert into studentcourse (studentid,courseid,progress,startdate) values (168,22,39,date '2017-08-25');
insert into studentcourse (studentid,courseid,progress,startdate) values (168,46,73,date '2017-01-25');
insert into studentcourse (studentid,courseid,progress,startdate) values (169,57,70,date '2017-01-25');
insert into studentcourse (studentid,courseid,progress,startdate) values (169,9,72,date '2015-01-25');
insert into studentcourse (studentid,courseid,progress,startdate) values (169,28,40,date '2016-01-25');
insert into studentcourse (studentid,courseid,progress,startdate) values (170,26,50,date '2016-01-25');
insert into studentcourse (studentid,courseid,progress,startdate) values (170,32,39,date '2016-01-25');
insert into studentcourse (studentid,courseid,progress,startdate) values (170,63,45,date '2016-08-25');
insert into studentcourse (studentid,courseid,progress,startdate) values (171,60,39,date '2015-08-25');
insert into studentcourse (studentid,courseid,progress,startdate) values (171,25,49,date '2014-08-25');
insert into studentcourse (studentid,courseid,progress,startdate) values (171,9,90,date '2016-08-25');
insert into studentcourse (studentid,courseid,progress,startdate) values (171,39,42,date '2017-01-25');
insert into studentcourse (studentid,courseid,progress,startdate) values (172,35,53,date '2015-01-25');
insert into studentcourse (studentid,courseid,progress,startdate) values (172,38,84,date '2017-01-25');
insert into studentcourse (studentid,courseid,progress,startdate) values (172,46,73,date '2017-01-25');
insert into studentcourse (studentid,courseid,progress,startdate) values (173,35,81,date '2016-01-25');
insert into studentcourse (studentid,courseid,progress,startdate) values (173,16,57,date '2016-01-25');
insert into studentcourse (studentid,courseid,progress,startdate) values (173,34,82,date '2014-01-25');
insert into studentcourse (studentid,courseid,progress,startdate) values (173,42,50,date '2016-01-25');
insert into studentcourse (studentid,courseid,progress,startdate) values (174,58,37,date '2017-01-25');
insert into studentcourse (studentid,courseid,progress,startdate) values (174,60,67,date '2015-01-25');
insert into studentcourse (studentid,courseid,progress,startdate) values (174,47,85,date '2017-08-25');
insert into studentcourse (studentid,courseid,progress,startdate) values (174,10,55,date '2017-08-25');
insert into studentcourse (studentid,courseid,progress,startdate) values (175,21,86,date '2017-01-25');
insert into studentcourse (studentid,courseid,progress,startdate) values (175,48,55,date '2016-01-25');
insert into studentcourse (studentid,courseid,progress,startdate) values (175,12,49,date '2014-01-25');
insert into studentcourse (studentid,courseid,progress,startdate) values (175,64,38,date '2016-01-25');
insert into studentcourse (studentid,courseid,progress,startdate) values (176,38,44,date '2016-08-25');
insert into studentcourse (studentid,courseid,progress,startdate) values (176,52,86,date '2015-08-25');
insert into studentcourse (studentid,courseid,progress,startdate) values (176,60,82,date '2015-08-25');
insert into studentcourse (studentid,courseid,progress,startdate) values (177,66,40,date '2017-01-25');
insert into studentcourse (studentid,courseid,progress,startdate) values (177,58,51,date '2015-01-25');
insert into studentcourse (studentid,courseid,progress,startdate) values (177,56,73,date '2016-01-25');
insert into studentcourse (studentid,courseid,progress,startdate) values (177,38,66,date '2014-01-25');
insert into studentcourse (studentid,courseid,progress,startdate) values (178,48,73,date '2016-01-25');
insert into studentcourse (studentid,courseid,progress,startdate) values (178,67,84,date '2016-08-25');
insert into studentcourse (studentid,courseid,progress,startdate) values (178,26,71,date '2016-08-25');
insert into studentcourse (studentid,courseid,progress,startdate) values (178,54,42,date '2016-01-25');
insert into studentcourse (studentid,courseid,progress,startdate) values (178,6,56,date '2017-01-25');
insert into studentcourse (studentid,courseid,progress,startdate) values (179,16,66,date '2017-01-25');
insert into studentcourse (studentid,courseid,progress,startdate) values (179,38,65,date '2015-01-25');
insert into studentcourse (studentid,courseid,progress,startdate) values (179,24,55,date '2017-08-25');
insert into studentcourse (studentid,courseid,progress,startdate) values (179,25,64,date '2016-01-25');
insert into studentcourse (studentid,courseid,progress,startdate) values (179,30,58,date '2014-01-25');
insert into studentcourse (studentid,courseid,progress,startdate) values (180,68,89,date '2015-01-25');
insert into studentcourse (studentid,courseid,progress,startdate) values (180,56,72,date '2017-01-25');
insert into studentcourse (studentid,courseid,progress,startdate) values (180,65,58,date '2016-01-25');
insert into studentcourse (studentid,courseid,progress,startdate) values (180,35,73,date '2014-01-25');
insert into studentcourse (studentid,courseid,progress,startdate) values (181,41,40,date '2017-01-25');
insert into studentcourse (studentid,courseid,progress,startdate) values (181,36,89,date '2015-01-25');
insert into studentcourse (studentid,courseid,progress,startdate) values (181,59,43,date '2016-01-25');
insert into studentcourse (studentid,courseid,progress,startdate) values (181,54,86,date '2016-08-25');
insert into studentcourse (studentid,courseid,progress,startdate) values (182,47,89,date '2017-08-25');
insert into studentcourse (studentid,courseid,progress,startdate) values (182,50,50,date '2016-01-25');
insert into studentcourse (studentid,courseid,progress,startdate) values (182,4,90,date '2017-01-25');
insert into studentcourse (studentid,courseid,progress,startdate) values (183,57,69,date '2017-01-25');
insert into studentcourse (studentid,courseid,progress,startdate) values (183,9,72,date '2015-01-25');
insert into studentcourse (studentid,courseid,progress,startdate) values (183,70,65,date '2014-01-25');
insert into studentcourse (studentid,courseid,progress,startdate) values (183,48,41,date '2015-08-25');
insert into studentcourse (studentid,courseid,progress,startdate) values (184,50,66,date '2017-01-25');
insert into studentcourse (studentid,courseid,progress,startdate) values (184,28,42,date '2015-01-25');
insert into studentcourse (studentid,courseid,progress,startdate) values (184,37,68,date '2017-01-25');
insert into studentcourse (studentid,courseid,progress,startdate) values (184,12,89,date '2016-01-25');
insert into studentcourse (studentid,courseid,progress,startdate) values (185,21,68,date '2016-01-25');
insert into studentcourse (studentid,courseid,progress,startdate) values (185,48,85,date '2014-01-25');
insert into studentcourse (studentid,courseid,progress,startdate) values (185,56,38,date '2017-01-25');
insert into studentcourse (studentid,courseid,progress,startdate) values (185,69,90,date '2015-01-25');
insert into studentcourse (studentid,courseid,progress,startdate) values (186,32,66,date '2017-08-25');
insert into studentcourse (studentid,courseid,progress,startdate) values (186,9,84,date '2017-08-25');
insert into studentcourse (studentid,courseid,progress,startdate) values (186,63,65,date '2014-08-25');
insert into studentcourse (studentid,courseid,progress,startdate) values (186,41,45,date '2015-08-25');
insert into studentcourse (studentid,courseid,progress,startdate) values (187,70,41,date '2016-01-25');
insert into studentcourse (studentid,courseid,progress,startdate) values (187,71,57,date '2016-01-25');
insert into studentcourse (studentid,courseid,progress,startdate) values (187,36,44,date '2017-01-25');
insert into studentcourse (studentid,courseid,progress,startdate) values (187,54,55,date '2017-01-25');
insert into studentcourse (studentid,courseid,progress,startdate) values (188,1,71,date '2014-01-25');
insert into studentcourse (studentid,courseid,progress,startdate) values (188,13,58,date '2016-01-25');
insert into studentcourse (studentid,courseid,progress,startdate) values (188,7,70,date '2016-01-25');
insert into studentcourse (studentid,courseid,progress,startdate) values (188,14,64,date '2017-01-25');
insert into studentcourse (studentid,courseid,progress,startdate) values (189,52,65,date '2016-01-25');
insert into studentcourse (studentid,courseid,progress,startdate) values (189,16,68,date '2014-01-25');
insert into studentcourse (studentid,courseid,progress,startdate) values (189,39,38,date '2015-01-25');
insert into studentcourse (studentid,courseid,progress,startdate) values (189,37,67,date '2017-01-25');
insert into studentcourse (studentid,courseid,progress,startdate) values (190,34,73,date '2017-08-25');
insert into studentcourse (studentid,courseid,progress,startdate) values (190,38,49,date '2015-08-25');
insert into studentcourse (studentid,courseid,progress,startdate) values (190,68,84,date '2017-08-25');
insert into studentcourse (studentid,courseid,progress,startdate) values (190,18,84,date '2017-01-25');
insert into studentcourse (studentid,courseid,progress,startdate) values (191,50,83,date '2016-01-25');
insert into studentcourse (studentid,courseid,progress,startdate) values (191,47,57,date '2015-01-25');
insert into studentcourse (studentid,courseid,progress,startdate) values (191,7,39,date '2016-08-25');
insert into studentcourse (studentid,courseid,progress,startdate) values (191,1,42,date '2017-08-25');
insert into studentcourse (studentid,courseid,progress,startdate) values (192,76,72,date '2016-08-25');
insert into studentcourse (studentid,courseid,progress,startdate) values (192,48,40,date '2017-01-25');
insert into studentcourse (studentid,courseid,progress,startdate) values (192,5,71,date '2017-01-25');
insert into studentcourse (studentid,courseid,progress,startdate) values (192,33,65,date '2017-01-25');
insert into studentcourse (studentid,courseid,progress,startdate) values (193,39,45,date '2016-01-25');
insert into studentcourse (studentid,courseid,progress,startdate) values (193,12,56,date '2014-01-25');
insert into studentcourse (studentid,courseid,progress,startdate) values (193,46,66,date '2015-01-25');
insert into studentcourse (studentid,courseid,progress,startdate) values (193,10,56,date '2017-01-25');
insert into studentcourse (studentid,courseid,progress,startdate) values (194,65,52,date '2017-01-25');
insert into studentcourse (studentid,courseid,progress,startdate) values (194,49,71,date '2015-01-25');
insert into studentcourse (studentid,courseid,progress,startdate) values (194,11,85,date '2017-01-25');
insert into studentcourse (studentid,courseid,progress,startdate) values (194,4,51,date '2017-08-25');
insert into studentcourse (studentid,courseid,progress,startdate) values (195,58,44,date '2017-08-25');
insert into studentcourse (studentid,courseid,progress,startdate) values (195,59,83,date '2017-01-25');
insert into studentcourse (studentid,courseid,progress,startdate) values (195,56,88,date '2015-01-25');
insert into studentcourse (studentid,courseid,progress,startdate) values (195,34,36,date '2016-01-25');
insert into studentcourse (studentid,courseid,progress,startdate) values (196,9,65,date '2014-01-25');
insert into studentcourse (studentid,courseid,progress,startdate) values (196,32,42,date '2016-01-25');
insert into studentcourse (studentid,courseid,progress,startdate) values (196,1,55,date '2014-08-25');
insert into studentcourse (studentid,courseid,progress,startdate) values (196,72,56,date '2017-01-25');
insert into studentcourse (studentid,courseid,progress,startdate) values (197,48,86,date '2015-01-25');
insert into studentcourse (studentid,courseid,progress,startdate) values (197,21,41,date '2016-01-25');
insert into studentcourse (studentid,courseid,progress,startdate) values (197,70,66,date '2014-01-25');
insert into studentcourse (studentid,courseid,progress,startdate) values (197,35,89,date '2016-01-25');
insert into studentcourse (studentid,courseid,progress,startdate) values (198,70,51,date '2014-01-25');
insert into studentcourse (studentid,courseid,progress,startdate) values (198,69,39,date '2015-08-25');
insert into studentcourse (studentid,courseid,progress,startdate) values (198,32,52,date '2017-01-25');
insert into studentcourse (studentid,courseid,progress,startdate) values (198,23,84,date '2017-01-25');
insert into studentcourse (studentid,courseid,progress,startdate) values (199,18,64,date '2015-01-25');
insert into studentcourse (studentid,courseid,progress,startdate) values (199,62,89,date '2014-01-25');
insert into studentcourse (studentid,courseid,progress,startdate) values (199,6,66,date '2016-01-25');
insert into studentcourse (studentid,courseid,progress,startdate) values (199,31,67,date '2016-01-25');
insert into studentcourse (studentid,courseid,progress,startdate) values (200,10,66,date '2017-01-25');
insert into studentcourse (studentid,courseid,progress,startdate) values (200,24,38,date '2015-01-25');
insert into studentcourse (studentid,courseid,progress,startdate) values (200,59,39,date '2017-01-25');
insert into studentcourse (studentid,courseid,progress,startdate) values (200,45,36,date '2016-01-25');
insert into studentcourse (studentid,courseid,progress,startdate) values (201,57,51,date '2014-01-25');
insert into studentcourse (studentid,courseid,progress,startdate) values (201,26,65,date '2017-08-25');
insert into studentcourse (studentid,courseid,progress,startdate) values (201,30,68,date '2016-01-25');
insert into studentcourse (studentid,courseid,progress,startdate) values (201,29,83,date '2015-01-25');
insert into studentcourse (studentid,courseid,progress,startdate) values (202,15,71,date '2017-01-25');
insert into studentcourse (studentid,courseid,progress,startdate) values (202,17,65,date '2015-01-25');
insert into studentcourse (studentid,courseid,progress,startdate) values (202,72,43,date '2017-01-25');
insert into studentcourse (studentid,courseid,progress,startdate) values (202,70,54,date '2016-08-25');
insert into studentcourse (studentid,courseid,progress,startdate) values (203,14,65,date '2016-01-25');
insert into studentcourse (studentid,courseid,progress,startdate) values (203,65,65,date '2016-01-25');
insert into studentcourse (studentid,courseid,progress,startdate) values (203,18,90,date '2014-01-25');
insert into studentcourse (studentid,courseid,progress,startdate) values (204,29,55,date '2016-01-25');
insert into studentcourse (studentid,courseid,progress,startdate) values (204,75,57,date '2017-01-25');
insert into studentcourse (studentid,courseid,progress,startdate) values (204,40,67,date '2015-01-25');
insert into studentcourse (studentid,courseid,progress,startdate) values (204,39,39,date '2017-01-25');
insert into studentcourse (studentid,courseid,progress,startdate) values (205,27,73,date '2017-08-25');
insert into studentcourse (studentid,courseid,progress,startdate) values (205,36,82,date '2015-08-25');
insert into studentcourse (studentid,courseid,progress,startdate) values (205,33,65,date '2017-08-25');
insert into studentcourse (studentid,courseid,progress,startdate) values (205,40,65,date '2016-01-25');
insert into studentcourse (studentid,courseid,progress,startdate) values (206,54,81,date '2014-01-25');
insert into studentcourse (studentid,courseid,progress,startdate) values (206,20,71,date '2016-01-25');
insert into studentcourse (studentid,courseid,progress,startdate) values (206,66,42,date '2017-01-25');
insert into studentcourse (studentid,courseid,progress,startdate) values (206,9,64,date '2015-01-25');
insert into studentcourse (studentid,courseid,progress,startdate) values (207,74,38,date '2017-01-25');
insert into studentcourse (studentid,courseid,progress,startdate) values (207,60,44,date '2014-01-25');
insert into studentcourse (studentid,courseid,progress,startdate) values (207,73,85,date '2016-08-25');
insert into studentcourse (studentid,courseid,progress,startdate) values (207,40,50,date '2016-01-25');
insert into studentcourse (studentid,courseid,progress,startdate) values (208,57,49,date '2015-01-25');
insert into studentcourse (studentid,courseid,progress,startdate) values (208,26,54,date '2015-01-25');
insert into studentcourse (studentid,courseid,progress,startdate) values (208,15,86,date '2014-01-25');
insert into studentcourse (studentid,courseid,progress,startdate) values (208,28,42,date '2017-08-25');
insert into studentcourse (studentid,courseid,progress,startdate) values (209,36,55,date '2017-08-25');
insert into studentcourse (studentid,courseid,progress,startdate) values (209,56,38,date '2014-01-25');
insert into studentcourse (studentid,courseid,progress,startdate) values (209,38,37,date '2014-01-25');
insert into studentcourse (studentid,courseid,progress,startdate) values (209,75,36,date '2017-01-25');
insert into studentcourse (studentid,courseid,progress,startdate) values (210,53,84,date '2014-08-25');
insert into studentcourse (studentid,courseid,progress,startdate) values (210,30,72,date '2017-01-25');
insert into studentcourse (studentid,courseid,progress,startdate) values (210,49,71,date '2017-01-25');
insert into studentcourse (studentid,courseid,progress,startdate) values (210,6,69,date '2015-01-25');
insert into studentcourse (studentid,courseid,progress,startdate) values (211,6,71,date '2016-01-25');
insert into studentcourse (studentid,courseid,progress,startdate) values (211,63,36,date '2017-08-25');
insert into studentcourse (studentid,courseid,progress,startdate) values (211,62,71,date '2016-01-25');
insert into studentcourse (studentid,courseid,progress,startdate) values (212,29,38,date '2016-01-25');
insert into studentcourse (studentid,courseid,progress,startdate) values (212,71,50,date '2017-01-25');
insert into studentcourse (studentid,courseid,progress,startdate) values (212,11,81,date '2017-01-25');
insert into studentcourse (studentid,courseid,progress,startdate) values (212,50,45,date '2017-01-25');
insert into studentcourse (studentid,courseid,progress,startdate) values (213,1,84,date '2015-08-25');
insert into studentcourse (studentid,courseid,progress,startdate) values (213,47,86,date '2016-08-25');
insert into studentcourse (studentid,courseid,progress,startdate) values (213,73,50,date '2017-08-25');
insert into studentcourse (studentid,courseid,progress,startdate) values (213,69,39,date '2017-08-25');
insert into studentcourse (studentid,courseid,progress,startdate) values (213,23,52,date '2016-08-25');
insert into studentcourse (studentid,courseid,progress,startdate) values (214,51,66,date '2015-01-25');
insert into studentcourse (studentid,courseid,progress,startdate) values (214,30,65,date '2017-01-25');
insert into studentcourse (studentid,courseid,progress,startdate) values (214,36,53,date '2016-01-25');
insert into studentcourse (studentid,courseid,progress,startdate) values (214,32,53,date '2015-01-25');
insert into studentcourse (studentid,courseid,progress,startdate) values (215,69,82,date '2016-08-25');
insert into studentcourse (studentid,courseid,progress,startdate) values (215,75,39,date '2015-08-25');
insert into studentcourse (studentid,courseid,progress,startdate) values (215,53,43,date '2014-08-25');
insert into studentcourse (studentid,courseid,progress,startdate) values (215,60,87,date '2017-08-25');
insert into studentcourse (studentid,courseid,progress,startdate) values (216,75,50,date '2017-01-25');
insert into studentcourse (studentid,courseid,progress,startdate) values (216,70,55,date '2015-01-25');
insert into studentcourse (studentid,courseid,progress,startdate) values (216,20,42,date '2016-01-25');
insert into studentcourse (studentid,courseid,progress,startdate) values (216,15,56,date '2014-01-25');
insert into studentcourse (studentid,courseid,progress,startdate) values (217,66,50,date '2016-01-25');
insert into studentcourse (studentid,courseid,progress,startdate) values (217,54,70,date '2016-08-25');
insert into studentcourse (studentid,courseid,progress,startdate) values (217,14,71,date '2016-08-25');
insert into studentcourse (studentid,courseid,progress,startdate) values (217,33,53,date '2017-08-25');
insert into studentcourse (studentid,courseid,progress,startdate) values (218,73,71,date '2017-01-25');
insert into studentcourse (studentid,courseid,progress,startdate) values (218,49,86,date '2017-01-25');
insert into studentcourse (studentid,courseid,progress,startdate) values (218,29,50,date '2014-01-25');
insert into studentcourse (studentid,courseid,progress,startdate) values (219,23,43,date '2016-01-25');
insert into studentcourse (studentid,courseid,progress,startdate) values (219,32,54,date '2016-01-25');
insert into studentcourse (studentid,courseid,progress,startdate) values (219,1,70,date '2015-01-25');
insert into studentcourse (studentid,courseid,progress,startdate) values (219,42,68,date '2017-01-25');
insert into studentcourse (studentid,courseid,progress,startdate) values (220,48,71,date '2017-01-25');
insert into studentcourse (studentid,courseid,progress,startdate) values (220,67,82,date '2014-08-25');
insert into studentcourse (studentid,courseid,progress,startdate) values (220,13,82,date '2015-08-25');
insert into studentcourse (studentid,courseid,progress,startdate) values (220,33,52,date '2014-08-25');
insert into studentcourse (studentid,courseid,progress,startdate) values (221,64,89,date '2015-01-25');
insert into studentcourse (studentid,courseid,progress,startdate) values (221,74,70,date '2017-01-25');
insert into studentcourse (studentid,courseid,progress,startdate) values (221,59,65,date '2014-01-25');
insert into studentcourse (studentid,courseid,progress,startdate) values (221,16,58,date '2017-01-25');
insert into studentcourse (studentid,courseid,progress,startdate) values (222,29,90,date '2017-01-25');
insert into studentcourse (studentid,courseid,progress,startdate) values (222,75,56,date '2017-08-25');
insert into studentcourse (studentid,courseid,progress,startdate) values (222,35,57,date '2016-08-25');
insert into studentcourse (studentid,courseid,progress,startdate) values (223,33,43,date '2016-01-25');
insert into studentcourse (studentid,courseid,progress,startdate) values (223,32,39,date '2015-01-25');
insert into studentcourse (studentid,courseid,progress,startdate) values (223,61,73,date '2017-01-25');
insert into studentcourse (studentid,courseid,progress,startdate) values (223,63,84,date '2016-01-25');
insert into studentcourse (studentid,courseid,progress,startdate) values (224,41,87,date '2017-08-25');
insert into studentcourse (studentid,courseid,progress,startdate) values (224,44,73,date '2017-01-25');
insert into studentcourse (studentid,courseid,progress,startdate) values (224,29,88,date '2015-01-25');
insert into studentcourse (studentid,courseid,progress,startdate) values (224,4,44,date '2016-08-25');
insert into studentcourse (studentid,courseid,progress,startdate) values (225,26,65,date '2017-08-25');
insert into studentcourse (studentid,courseid,progress,startdate) values (225,42,88,date '2017-08-25');
insert into studentcourse (studentid,courseid,progress,startdate) values (225,69,89,date '2017-01-25');
insert into studentcourse (studentid,courseid,progress,startdate) values (225,45,72,date '2014-01-25');
insert into studentcourse (studentid,courseid,progress,startdate) values (226,47,56,date '2016-01-25');
insert into studentcourse (studentid,courseid,progress,startdate) values (226,28,84,date '2014-08-25');
insert into studentcourse (studentid,courseid,progress,startdate) values (226,52,58,date '2017-01-25');
insert into studentcourse (studentid,courseid,progress,startdate) values (226,74,89,date '2017-01-25');
insert into studentcourse (studentid,courseid,progress,startdate) values (227,51,83,date '2015-01-25');
insert into studentcourse (studentid,courseid,progress,startdate) values (227,2,73,date '2015-08-25');
insert into studentcourse (studentid,courseid,progress,startdate) values (227,29,73,date '2014-01-25');
insert into studentcourse (studentid,courseid,progress,startdate) values (227,21,52,date '2016-01-25');
insert into studentcourse (studentid,courseid,progress,startdate) values (228,76,52,date '2016-01-25');
insert into studentcourse (studentid,courseid,progress,startdate) values (228,67,68,date '2017-08-25');
insert into studentcourse (studentid,courseid,progress,startdate) values (228,57,90,date '2015-01-25');
insert into studentcourse (studentid,courseid,progress,startdate) values (228,62,88,date '2015-01-25');
insert into studentcourse (studentid,courseid,progress,startdate) values (229,76,82,date '2017-01-25');
insert into studentcourse (studentid,courseid,progress,startdate) values (229,21,52,date '2017-01-25');
insert into studentcourse (studentid,courseid,progress,startdate) values (229,29,73,date '2014-01-25');
insert into studentcourse (studentid,courseid,progress,startdate) values (229,74,44,date '2016-08-25');
insert into studentcourse (studentid,courseid,progress,startdate) values (230,21,82,date '2015-01-25');
insert into studentcourse (studentid,courseid,progress,startdate) values (230,76,66,date '2017-01-25');
insert into studentcourse (studentid,courseid,progress,startdate) values (230,37,39,date '2017-01-25');
insert into studentcourse (studentid,courseid,progress,startdate) values (230,71,67,date '2017-08-25');
insert into studentcourse (studentid,courseid,progress,startdate) values (231,21,73,date '2016-08-25');
insert into studentcourse (studentid,courseid,progress,startdate) values (231,67,39,date '2015-08-25');
insert into studentcourse (studentid,courseid,progress,startdate) values (231,9,84,date '2014-08-25');
insert into studentcourse (studentid,courseid,progress,startdate) values (231,32,40,date '2015-01-25');
insert into studentcourse (studentid,courseid,progress,startdate) values (232,33,69,date '2017-01-25');
insert into studentcourse (studentid,courseid,progress,startdate) values (232,57,90,date '2016-01-25');
insert into studentcourse (studentid,courseid,progress,startdate) values (232,26,71,date '2014-01-25');
insert into studentcourse (studentid,courseid,progress,startdate) values (232,36,43,date '2017-08-25');
insert into studentcourse (studentid,courseid,progress,startdate) values (233,15,90,date '2016-01-25');
insert into studentcourse (studentid,courseid,progress,startdate) values (233,30,57,date '2017-01-25');
insert into studentcourse (studentid,courseid,progress,startdate) values (233,32,66,date '2015-01-25');
insert into studentcourse (studentid,courseid,progress,startdate) values (233,1,44,date '2017-01-25');
insert into studentcourse (studentid,courseid,progress,startdate) values (234,64,64,date '2014-01-25');
insert into studentcourse (studentid,courseid,progress,startdate) values (234,5,45,date '2016-01-25');
insert into studentcourse (studentid,courseid,progress,startdate) values (234,32,43,date '2017-01-25');
insert into studentcourse (studentid,courseid,progress,startdate) values (234,38,71,date '2017-01-25');
insert into studentcourse (studentid,courseid,progress,startdate) values (235,32,71,date '2016-01-25');
insert into studentcourse (studentid,courseid,progress,startdate) values (235,42,89,date '2014-01-25');
insert into studentcourse (studentid,courseid,progress,startdate) values (235,60,67,date '2016-01-25');
insert into studentcourse (studentid,courseid,progress,startdate) values (235,47,90,date '2015-01-25');
insert into studentcourse (studentid,courseid,progress,startdate) values (236,76,45,date '2017-08-25');
insert into studentcourse (studentid,courseid,progress,startdate) values (236,21,58,date '2017-01-25');
insert into studentcourse (studentid,courseid,progress,startdate) values (236,37,66,date '2017-01-25');
insert into studentcourse (studentid,courseid,progress,startdate) values (236,52,66,date '2017-01-25');
insert into studentcourse (studentid,courseid,progress,startdate) values (237,11,69,date '2016-01-25');
insert into studentcourse (studentid,courseid,progress,startdate) values (237,6,52,date '2014-01-25');
insert into studentcourse (studentid,courseid,progress,startdate) values (237,29,53,date '2017-08-25');
insert into studentcourse (studentid,courseid,progress,startdate) values (237,18,36,date '2015-01-25');
insert into studentcourse (studentid,courseid,progress,startdate) values (238,21,39,date '2017-01-25');
insert into studentcourse (studentid,courseid,progress,startdate) values (238,48,83,date '2016-01-25');
insert into studentcourse (studentid,courseid,progress,startdate) values (238,56,87,date '2015-01-25');
insert into studentcourse (studentid,courseid,progress,startdate) values (238,20,53,date '2017-01-25');
insert into studentcourse (studentid,courseid,progress,startdate) values (239,26,57,date '2016-01-25');
insert into studentcourse (studentid,courseid,progress,startdate) values (239,42,49,date '2015-01-25');
insert into studentcourse (studentid,courseid,progress,startdate) values (239,34,41,date '2016-08-25');
insert into studentcourse (studentid,courseid,progress,startdate) values (240,70,65,date '2017-08-25');
insert into studentcourse (studentid,courseid,progress,startdate) values (240,69,81,date '2017-08-25');
insert into studentcourse (studentid,courseid,progress,startdate) values (240,52,86,date '2014-01-25');
insert into studentcourse (studentid,courseid,progress,startdate) values (240,75,72,date '2016-01-25');
insert into studentcourse (studentid,courseid,progress,startdate) values (241,1,64,date '2017-01-25');
insert into studentcourse (studentid,courseid,progress,startdate) values (241,13,36,date '2017-01-25');
insert into studentcourse (studentid,courseid,progress,startdate) values (241,31,73,date '2016-01-25');
insert into studentcourse (studentid,courseid,progress,startdate) values (241,33,70,date '2016-01-25');
insert into studentcourse (studentid,courseid,progress,startdate) values (242,67,58,date '2015-01-25');
insert into studentcourse (studentid,courseid,progress,startdate) values (242,21,65,date '2017-01-25');
insert into studentcourse (studentid,courseid,progress,startdate) values (242,2,38,date '2017-01-25');
insert into studentcourse (studentid,courseid,progress,startdate) values (242,18,53,date '2015-01-25');
insert into studentcourse (studentid,courseid,progress,startdate) values (243,43,50,date '2016-08-25');
insert into studentcourse (studentid,courseid,progress,startdate) values (243,28,44,date '2014-01-25');
insert into studentcourse (studentid,courseid,progress,startdate) values (243,74,69,date '2017-01-25');
insert into studentcourse (studentid,courseid,progress,startdate) values (243,7,85,date '2016-01-25');
insert into studentcourse (studentid,courseid,progress,startdate) values (244,8,55,date '2016-01-25');
insert into studentcourse (studentid,courseid,progress,startdate) values (244,17,42,date '2014-01-25');
insert into studentcourse (studentid,courseid,progress,startdate) values (244,37,67,date '2017-01-25');
insert into studentcourse (studentid,courseid,progress,startdate) values (244,68,64,date '2015-08-25');
insert into studentcourse (studentid,courseid,progress,startdate) values (245,35,56,date '2017-08-25');
insert into studentcourse (studentid,courseid,progress,startdate) values (245,34,52,date '2017-08-25');
insert into studentcourse (studentid,courseid,progress,startdate) values (245,5,85,date '2017-08-25');
insert into studentcourse (studentid,courseid,progress,startdate) values (245,11,41,date '2017-08-25');
insert into studentcourse (studentid,courseid,progress,startdate) values (246,4,64,date '2017-01-25');
insert into studentcourse (studentid,courseid,progress,startdate) values (246,73,53,date '2016-01-25');
insert into studentcourse (studentid,courseid,progress,startdate) values (246,27,85,date '2017-01-25');
insert into studentcourse (studentid,courseid,progress,startdate) values (246,62,45,date '2016-01-25');
insert into studentcourse (studentid,courseid,progress,startdate) values (247,69,54,date '2016-01-25');
insert into studentcourse (studentid,courseid,progress,startdate) values (247,29,53,date '2015-01-25');
insert into studentcourse (studentid,courseid,progress,startdate) values (247,35,71,date '2015-08-25');
insert into studentcourse (studentid,courseid,progress,startdate) values (247,26,40,date '2014-08-25');
insert into studentcourse (studentid,courseid,progress,startdate) values (248,1,65,date '2016-08-25');
insert into studentcourse (studentid,courseid,progress,startdate) values (248,19,37,date '2017-08-25');
insert into studentcourse (studentid,courseid,progress,startdate) values (248,50,89,date '2017-08-25');
insert into studentcourse (studentid,courseid,progress,startdate) values (248,69,54,date '2017-01-25');
insert into studentcourse (studentid,courseid,progress,startdate) values (249,7,56,date '2017-01-25');
insert into studentcourse (studentid,courseid,progress,startdate) values (249,63,58,date '2016-01-25');
insert into studentcourse (studentid,courseid,progress,startdate) values (249,35,81,date '2016-01-25');
insert into studentcourse (studentid,courseid,progress,startdate) values (249,38,54,date '2017-01-25');
insert into studentcourse (studentid,courseid,progress,startdate) values (250,1,43,date '2016-08-25');
insert into studentcourse (studentid,courseid,progress,startdate) values (250,50,72,date '2016-08-25');
insert into studentcourse (studentid,courseid,progress,startdate) values (250,19,39,date '2015-08-25');
insert into studentcourse (studentid,courseid,progress,startdate) values (250,71,45,date '2015-01-25');
insert into studentcourse (studentid,courseid,progress,startdate) values (251,44,65,date '2017-01-25');
insert into studentcourse (studentid,courseid,progress,startdate) values (251,56,87,date '2016-01-25');
insert into studentcourse (studentid,courseid,progress,startdate) values (251,69,64,date '2017-08-25');
insert into studentcourse (studentid,courseid,progress,startdate) values (251,31,70,date '2016-01-25');
insert into studentcourse (studentid,courseid,progress,startdate) values (252,48,38,date '2017-01-25');
insert into studentcourse (studentid,courseid,progress,startdate) values (252,21,49,date '2017-01-25');
insert into studentcourse (studentid,courseid,progress,startdate) values (252,9,42,date '2017-08-25');
insert into studentcourse (studentid,courseid,progress,startdate) values (252,49,38,date '2015-08-25');
insert into studentcourse (studentid,courseid,progress,startdate) values (253,46,67,date '2014-08-25');
insert into studentcourse (studentid,courseid,progress,startdate) values (253,47,82,date '2017-08-25');
insert into studentcourse (studentid,courseid,progress,startdate) values (253,8,36,date '2017-01-25');
insert into studentcourse (studentid,courseid,progress,startdate) values (253,36,90,date '2014-01-25');
insert into studentcourse (studentid,courseid,progress,startdate) values (253,17,82,date '2016-01-25');
insert into studentcourse (studentid,courseid,progress,startdate) values (254,23,39,date '2017-08-25');
insert into studentcourse (studentid,courseid,progress,startdate) values (254,32,84,date '2014-01-25');
insert into studentcourse (studentid,courseid,progress,startdate) values (254,6,55,date '2016-08-25');
insert into studentcourse (studentid,courseid,progress,startdate) values (254,22,83,date '2016-01-25');
insert into studentcourse (studentid,courseid,progress,startdate) values (255,69,52,date '2014-01-25');
insert into studentcourse (studentid,courseid,progress,startdate) values (255,70,88,date '2017-08-25');
insert into studentcourse (studentid,courseid,progress,startdate) values (255,37,88,date '2015-01-25');
insert into studentcourse (studentid,courseid,progress,startdate) values (255,40,42,date '2017-01-25');
insert into studentcourse (studentid,courseid,progress,startdate) values (256,7,81,date '2016-08-25');
insert into studentcourse (studentid,courseid,progress,startdate) values (256,16,70,date '2015-08-25');
insert into studentcourse (studentid,courseid,progress,startdate) values (256,33,82,date '2016-08-25');
insert into studentcourse (studentid,courseid,progress,startdate) values (256,44,73,date '2017-01-25');
insert into studentcourse (studentid,courseid,progress,startdate) values (257,12,56,date '2015-01-25');
insert into studentcourse (studentid,courseid,progress,startdate) values (257,39,43,date '2017-08-25');
insert into studentcourse (studentid,courseid,progress,startdate) values (257,64,73,date '2017-08-25');
insert into studentcourse (studentid,courseid,progress,startdate) values (257,57,41,date '2015-01-25');
insert into studentcourse (studentid,courseid,progress,startdate) values (257,54,83,date '2017-08-25');
insert into studentcourse (studentid,courseid,progress,startdate) values (258,30,44,date '2017-01-25');
insert into studentcourse (studentid,courseid,progress,startdate) values (258,8,68,date '2017-01-25');
insert into studentcourse (studentid,courseid,progress,startdate) values (258,73,54,date '2015-08-25');
insert into studentcourse (studentid,courseid,progress,startdate) values (258,58,42,date '2015-01-25');
insert into studentcourse (studentid,courseid,progress,startdate) values (259,26,83,date '2014-08-25');
insert into studentcourse (studentid,courseid,progress,startdate) values (259,33,88,date '2016-01-25');
insert into studentcourse (studentid,courseid,progress,startdate) values (259,6,50,date '2017-01-25');
insert into studentcourse (studentid,courseid,progress,startdate) values (259,68,37,date '2015-01-25');
insert into studentcourse (studentid,courseid,progress,startdate) values (260,67,67,date '2017-08-25');
insert into studentcourse (studentid,courseid,progress,startdate) values (260,48,89,date '2015-08-25');
insert into studentcourse (studentid,courseid,progress,startdate) values (260,35,58,date '2016-01-25');
insert into studentcourse (studentid,courseid,progress,startdate) values (260,6,90,date '2017-01-25');
insert into studentcourse (studentid,courseid,progress,startdate) values (261,29,51,date '2016-08-25');
insert into studentcourse (studentid,courseid,progress,startdate) values (261,69,64,date '2017-08-25');
insert into studentcourse (studentid,courseid,progress,startdate) values (261,13,67,date '2015-08-25');
insert into studentcourse (studentid,courseid,progress,startdate) values (261,7,73,date '2016-01-25');
insert into studentcourse (studentid,courseid,progress,startdate) values (262,76,50,date '2017-01-25');
insert into studentcourse (studentid,courseid,progress,startdate) values (262,67,36,date '2016-01-25');
insert into studentcourse (studentid,courseid,progress,startdate) values (262,1,45,date '2016-01-25');
insert into studentcourse (studentid,courseid,progress,startdate) values (262,27,42,date '2015-01-25');
insert into studentcourse (studentid,courseid,progress,startdate) values (263,61,70,date '2014-01-25');
insert into studentcourse (studentid,courseid,progress,startdate) values (263,25,45,date '2016-08-25');
insert into studentcourse (studentid,courseid,progress,startdate) values (263,66,44,date '2016-01-25');
insert into studentcourse (studentid,courseid,progress,startdate) values (263,19,44,date '2017-01-25');
insert into studentcourse (studentid,courseid,progress,startdate) values (264,25,37,date '2015-01-25');
insert into studentcourse (studentid,courseid,progress,startdate) values (264,60,52,date '2015-01-25');
insert into studentcourse (studentid,courseid,progress,startdate) values (264,52,87,date '2017-08-25');
insert into studentcourse (studentid,courseid,progress,startdate) values (264,41,81,date '2017-08-25');
insert into studentcourse (studentid,courseid,progress,startdate) values (265,50,89,date '2015-08-25');
insert into studentcourse (studentid,courseid,progress,startdate) values (265,19,66,date '2016-01-25');
insert into studentcourse (studentid,courseid,progress,startdate) values (265,18,87,date '2017-01-25');
insert into studentcourse (studentid,courseid,progress,startdate) values (265,47,38,date '2015-01-25');
insert into studentcourse (studentid,courseid,progress,startdate) values (266,59,86,date '2016-01-25');
insert into studentcourse (studentid,courseid,progress,startdate) values (266,66,87,date '2017-01-25');
insert into studentcourse (studentid,courseid,progress,startdate) values (266,10,54,date '2016-08-25');
insert into studentcourse (studentid,courseid,progress,startdate) values (266,31,69,date '2017-08-25');
insert into studentcourse (studentid,courseid,progress,startdate) values (267,39,72,date '2014-08-25');
insert into studentcourse (studentid,courseid,progress,startdate) values (267,51,90,date '2016-08-25');
insert into studentcourse (studentid,courseid,progress,startdate) values (267,37,70,date '2014-01-25');
insert into studentcourse (studentid,courseid,progress,startdate) values (267,43,85,date '2017-01-25');
insert into studentcourse (studentid,courseid,progress,startdate) values (268,57,71,date '2015-01-25');
insert into studentcourse (studentid,courseid,progress,startdate) values (268,32,69,date '2017-01-25');
insert into studentcourse (studentid,courseid,progress,startdate) values (268,30,50,date '2016-01-25');
insert into studentcourse (studentid,courseid,progress,startdate) values (268,56,52,date '2017-01-25');
insert into studentcourse (studentid,courseid,progress,startdate) values (268,44,71,date '2017-08-25');
insert into studentcourse (studentid,courseid,progress,startdate) values (269,46,66,date '2017-08-25');
insert into studentcourse (studentid,courseid,progress,startdate) values (269,50,69,date '2015-08-25');
insert into studentcourse (studentid,courseid,progress,startdate) values (269,59,64,date '2016-01-25');
insert into studentcourse (studentid,courseid,progress,startdate) values (269,4,70,date '2016-01-25');
insert into studentcourse (studentid,courseid,progress,startdate) values (270,70,82,date '2016-08-25');
insert into studentcourse (studentid,courseid,progress,startdate) values (270,75,41,date '2017-08-25');
insert into studentcourse (studentid,courseid,progress,startdate) values (270,11,65,date '2016-08-25');
insert into studentcourse (studentid,courseid,progress,startdate) values (270,67,51,date '2017-08-25');
insert into studentcourse (studentid,courseid,progress,startdate) values (271,70,51,date '2017-01-25');
insert into studentcourse (studentid,courseid,progress,startdate) values (271,69,89,date '2014-01-25');
insert into studentcourse (studentid,courseid,progress,startdate) values (271,48,88,date '2016-01-25');
insert into studentcourse (studentid,courseid,progress,startdate) values (271,37,44,date '2015-01-25');
insert into studentcourse (studentid,courseid,progress,startdate) values (272,35,84,date '2016-01-25');
insert into studentcourse (studentid,courseid,progress,startdate) values (272,6,53,date '2016-08-25');
insert into studentcourse (studentid,courseid,progress,startdate) values (272,65,64,date '2017-08-25');
insert into studentcourse (studentid,courseid,progress,startdate) values (272,51,58,date '2017-01-25');
insert into studentcourse (studentid,courseid,progress,startdate) values (273,56,43,date '2017-01-25');
insert into studentcourse (studentid,courseid,progress,startdate) values (273,41,56,date '2015-08-25');
insert into studentcourse (studentid,courseid,progress,startdate) values (273,6,81,date '2015-01-25');
insert into studentcourse (studentid,courseid,progress,startdate) values (273,15,39,date '2017-01-25');
insert into studentcourse (studentid,courseid,progress,startdate) values (273,23,38,date '2017-08-25');
insert into studentcourse (studentid,courseid,progress,startdate) values (274,44,56,date '2017-08-25');
insert into studentcourse (studentid,courseid,progress,startdate) values (274,36,49,date '2014-01-25');
insert into studentcourse (studentid,courseid,progress,startdate) values (274,74,88,date '2017-01-25');
insert into studentcourse (studentid,courseid,progress,startdate) values (274,53,54,date '2017-01-25');
insert into studentcourse (studentid,courseid,progress,startdate) values (275,29,72,date '2017-01-25');
insert into studentcourse (studentid,courseid,progress,startdate) values (275,70,73,date '2016-08-25');
insert into studentcourse (studentid,courseid,progress,startdate) values (275,73,66,date '2016-01-25');
insert into studentcourse (studentid,courseid,progress,startdate) values (275,53,44,date '2015-01-25');
insert into studentcourse (studentid,courseid,progress,startdate) values (276,32,52,date '2017-08-25');
insert into studentcourse (studentid,courseid,progress,startdate) values (276,33,56,date '2015-08-25');
insert into studentcourse (studentid,courseid,progress,startdate) values (276,70,83,date '2017-01-25');
insert into studentcourse (studentid,courseid,progress,startdate) values (276,17,85,date '2016-01-25');
insert into studentcourse (studentid,courseid,progress,startdate) values (277,76,87,date '2016-08-25');
insert into studentcourse (studentid,courseid,progress,startdate) values (277,21,88,date '2017-08-25');
insert into studentcourse (studentid,courseid,progress,startdate) values (277,35,57,date '2017-08-25');
insert into studentcourse (studentid,courseid,progress,startdate) values (277,27,72,date '2014-01-25');
insert into studentcourse (studentid,courseid,progress,startdate) values (278,15,43,date '2016-01-25');
insert into studentcourse (studentid,courseid,progress,startdate) values (278,17,89,date '2014-01-25');
insert into studentcourse (studentid,courseid,progress,startdate) values (278,43,81,date '2015-01-25');
insert into studentcourse (studentid,courseid,progress,startdate) values (278,32,42,date '2015-01-25');
insert into studentcourse (studentid,courseid,progress,startdate) values (279,21,86,date '2016-01-25');
insert into studentcourse (studentid,courseid,progress,startdate) values (279,76,45,date '2017-01-25');
insert into studentcourse (studentid,courseid,progress,startdate) values (279,68,88,date '2016-08-25');
insert into studentcourse (studentid,courseid,progress,startdate) values (279,11,90,date '2017-08-25');
insert into studentcourse (studentid,courseid,progress,startdate) values (280,76,90,date '2015-08-25');
insert into studentcourse (studentid,courseid,progress,startdate) values (280,48,54,date '2017-01-25');
insert into studentcourse (studentid,courseid,progress,startdate) values (280,37,67,date '2015-01-25');
insert into studentcourse (studentid,courseid,progress,startdate) values (280,39,50,date '2017-01-25');
insert into studentcourse (studentid,courseid,progress,startdate) values (281,23,64,date '2017-08-25');
insert into studentcourse (studentid,courseid,progress,startdate) values (281,57,41,date '2016-01-25');
insert into studentcourse (studentid,courseid,progress,startdate) values (281,29,86,date '2014-01-25');
insert into studentcourse (studentid,courseid,progress,startdate) values (281,15,89,date '2016-08-25');
insert into studentcourse (studentid,courseid,progress,startdate) values (281,24,52,date '2015-01-25');
insert into studentcourse (studentid,courseid,progress,startdate) values (282,30,42,date '2017-08-25');
insert into studentcourse (studentid,courseid,progress,startdate) values (282,51,70,date '2015-08-25');
insert into studentcourse (studentid,courseid,progress,startdate) values (282,1,65,date '2017-08-25');
insert into studentcourse (studentid,courseid,progress,startdate) values (282,27,58,date '2017-01-25');
insert into studentcourse (studentid,courseid,progress,startdate) values (283,14,84,date '2017-01-25');
insert into studentcourse (studentid,courseid,progress,startdate) values (283,44,69,date '2015-01-25');
insert into studentcourse (studentid,courseid,progress,startdate) values (283,21,56,date '2016-01-25');
insert into studentcourse (studentid,courseid,progress,startdate) values (283,19,51,date '2017-01-25');
insert into studentcourse (studentid,courseid,progress,startdate) values (284,29,89,date '2016-08-25');
insert into studentcourse (studentid,courseid,progress,startdate) values (284,75,81,date '2015-01-25');
insert into studentcourse (studentid,courseid,progress,startdate) values (284,41,45,date '2015-01-25');
insert into studentcourse (studentid,courseid,progress,startdate) values (284,1,83,date '2017-08-25');
insert into studentcourse (studentid,courseid,progress,startdate) values (285,42,53,date '2014-08-25');
insert into studentcourse (studentid,courseid,progress,startdate) values (285,32,82,date '2017-01-25');
insert into studentcourse (studentid,courseid,progress,startdate) values (285,47,65,date '2015-01-25');
insert into studentcourse (studentid,courseid,progress,startdate) values (285,19,50,date '2014-01-25');
insert into studentcourse (studentid,courseid,progress,startdate) values (286,13,71,date '2015-08-25');
insert into studentcourse (studentid,courseid,progress,startdate) values (286,50,41,date '2017-08-25');
insert into studentcourse (studentid,courseid,progress,startdate) values (286,17,67,date '2017-01-25');
insert into studentcourse (studentid,courseid,progress,startdate) values (286,8,38,date '2015-01-25');
insert into studentcourse (studentid,courseid,progress,startdate) values (286,63,71,date '2017-08-25');
insert into studentcourse (studentid,courseid,progress,startdate) values (287,33,88,date '2017-01-25');
insert into studentcourse (studentid,courseid,progress,startdate) values (287,26,36,date '2016-01-25');
insert into studentcourse (studentid,courseid,progress,startdate) values (287,46,88,date '2016-08-25');
insert into studentcourse (studentid,courseid,progress,startdate) values (287,3,40,date '2017-01-25');
insert into studentcourse (studentid,courseid,progress,startdate) values (288,41,45,date '2017-01-25');
insert into studentcourse (studentid,courseid,progress,startdate) values (288,40,81,date '2017-01-25');
insert into studentcourse (studentid,courseid,progress,startdate) values (288,49,81,date '2017-08-25');
insert into studentcourse (studentid,courseid,progress,startdate) values (288,67,49,date '2015-01-25');
insert into studentcourse (studentid,courseid,progress,startdate) values (289,63,51,date '2017-08-25');
insert into studentcourse (studentid,courseid,progress,startdate) values (289,10,70,date '2015-08-25');
insert into studentcourse (studentid,courseid,progress,startdate) values (289,59,65,date '2016-08-25');
insert into studentcourse (studentid,courseid,progress,startdate) values (289,73,38,date '2017-01-25');
insert into studentcourse (studentid,courseid,progress,startdate) values (290,21,83,date '2017-01-25');
insert into studentcourse (studentid,courseid,progress,startdate) values (290,67,71,date '2015-01-25');
insert into studentcourse (studentid,courseid,progress,startdate) values (290,8,88,date '2017-01-25');
insert into studentcourse (studentid,courseid,progress,startdate) values (290,12,67,date '2017-01-25');
insert into studentcourse (studentid,courseid,progress,startdate) values (291,50,89,date '2016-08-25');
insert into studentcourse (studentid,courseid,progress,startdate) values (291,43,73,date '2015-01-25');
insert into studentcourse (studentid,courseid,progress,startdate) values (291,60,36,date '2017-01-25');
insert into studentcourse (studentid,courseid,progress,startdate) values (292,12,89,date '2017-01-25');
insert into studentcourse (studentid,courseid,progress,startdate) values (292,39,73,date '2015-01-25');
insert into studentcourse (studentid,courseid,progress,startdate) values (292,17,41,date '2017-08-25');
insert into studentcourse (studentid,courseid,progress,startdate) values (292,36,90,date '2016-01-25');
insert into studentcourse (studentid,courseid,progress,startdate) values (292,65,85,date '2017-01-25');
insert into studentcourse (studentid,courseid,progress,startdate) values (293,73,55,date '2016-01-25');
insert into studentcourse (studentid,courseid,progress,startdate) values (293,44,42,date '2014-01-25');
insert into studentcourse (studentid,courseid,progress,startdate) values (293,51,40,date '2015-01-25');
insert into studentcourse (studentid,courseid,progress,startdate) values (293,54,38,date '2017-01-25');
insert into studentcourse (studentid,courseid,progress,startdate) values (294,26,81,date '2015-01-25');
insert into studentcourse (studentid,courseid,progress,startdate) values (294,42,44,date '2016-01-25');
insert into studentcourse (studentid,courseid,progress,startdate) values (294,65,90,date '2017-08-25');
insert into studentcourse (studentid,courseid,progress,startdate) values (294,36,84,date '2014-08-25');
insert into studentcourse (studentid,courseid,progress,startdate) values (295,63,57,date '2014-01-25');
insert into studentcourse (studentid,courseid,progress,startdate) values (295,3,45,date '2017-01-25');
insert into studentcourse (studentid,courseid,progress,startdate) values (295,75,84,date '2015-01-25');
insert into studentcourse (studentid,courseid,progress,startdate) values (296,67,56,date '2017-08-25');
insert into studentcourse (studentid,courseid,progress,startdate) values (296,48,54,date '2016-01-25');
insert into studentcourse (studentid,courseid,progress,startdate) values (296,62,36,date '2016-01-25');
insert into studentcourse (studentid,courseid,progress,startdate) values (296,56,49,date '2017-01-25');
insert into studentcourse (studentid,courseid,progress,startdate) values (297,26,89,date '2017-01-25');
insert into studentcourse (studentid,courseid,progress,startdate) values (297,33,42,date '2015-08-25');
insert into studentcourse (studentid,courseid,progress,startdate) values (297,31,36,date '2017-08-25');
insert into studentcourse (studentid,courseid,progress,startdate) values (297,10,40,date '2015-01-25');
insert into studentcourse (studentid,courseid,progress,startdate) values (297,20,68,date '2017-01-25');
insert into studentcourse (studentid,courseid,progress,startdate) values (298,26,72,date '2015-01-25');
insert into studentcourse (studentid,courseid,progress,startdate) values (298,42,50,date '2014-08-25');
insert into studentcourse (studentid,courseid,progress,startdate) values (298,25,65,date '2017-01-25');
insert into studentcourse (studentid,courseid,progress,startdate) values (298,17,56,date '2017-01-25');
insert into studentcourse (studentid,courseid,progress,startdate) values (299,39,90,date '2016-01-25');
insert into studentcourse (studentid,courseid,progress,startdate) values (299,53,72,date '2017-08-25');
insert into studentcourse (studentid,courseid,progress,startdate) values (299,50,70,date '2017-08-25');
insert into studentcourse (studentid,courseid,progress,startdate) values (300,60,36,date '2015-01-25');
insert into studentcourse (studentid,courseid,progress,startdate) values (300,22,40,date '2017-01-25');
insert into studentcourse (studentid,courseid,progress,startdate) values (300,46,66,date '2015-01-25');
insert into studentcourse (studentid,courseid,progress,startdate) values (300,67,82,date '2015-08-25');
insert into studentcourse (studentid,courseid,progress,startdate) values (301,20,69,date '2015-08-25');
insert into studentcourse (studentid,courseid,progress,startdate) values (301,5,58,date '2017-08-25');
insert into studentcourse (studentid,courseid,progress,startdate) values (301,50,44,date '2017-01-25');
insert into studentcourse (studentid,courseid,progress,startdate) values (302,25,86,date '2016-01-25');
insert into studentcourse (studentid,courseid,progress,startdate) values (302,66,64,date '2015-01-25');
insert into studentcourse (studentid,courseid,progress,startdate) values (302,55,88,date '2015-01-25');
insert into studentcourse (studentid,courseid,progress,startdate) values (302,74,69,date '2014-01-25');
insert into studentcourse (studentid,courseid,progress,startdate) values (303,46,82,date '2016-01-25');
insert into studentcourse (studentid,courseid,progress,startdate) values (303,1,70,date '2014-01-25');
insert into studentcourse (studentid,courseid,progress,startdate) values (303,23,86,date '2017-01-25');
insert into studentcourse (studentid,courseid,progress,startdate) values (303,27,81,date '2017-01-25');
insert into studentcourse (studentid,courseid,progress,startdate) values (304,53,49,date '2016-08-25');
insert into studentcourse (studentid,courseid,progress,startdate) values (304,2,53,date '2017-08-25');
insert into studentcourse (studentid,courseid,progress,startdate) values (304,49,53,date '2017-01-25');
insert into studentcourse (studentid,courseid,progress,startdate) values (304,8,87,date '2015-01-25');
insert into studentcourse (studentid,courseid,progress,startdate) values (304,72,37,date '2015-08-25');
insert into studentcourse (studentid,courseid,progress,startdate) values (305,13,43,date '2016-01-25');
insert into studentcourse (studentid,courseid,progress,startdate) values (305,19,71,date '2017-01-25');
insert into studentcourse (studentid,courseid,progress,startdate) values (305,72,81,date '2016-08-25');
insert into studentcourse (studentid,courseid,progress,startdate) values (305,44,37,date '2017-08-25');
insert into studentcourse (studentid,courseid,progress,startdate) values (306,30,69,date '2015-01-25');
insert into studentcourse (studentid,courseid,progress,startdate) values (306,8,42,date '2016-01-25');
insert into studentcourse (studentid,courseid,progress,startdate) values (306,44,72,date '2017-08-25');
insert into studentcourse (studentid,courseid,progress,startdate) values (306,22,44,date '2017-08-25');
insert into studentcourse (studentid,courseid,progress,startdate) values (307,43,40,date '2015-08-25');
insert into studentcourse (studentid,courseid,progress,startdate) values (307,19,39,date '2017-01-25');
insert into studentcourse (studentid,courseid,progress,startdate) values (307,37,82,date '2017-01-25');
insert into studentcourse (studentid,courseid,progress,startdate) values (307,40,84,date '2015-01-25');
insert into studentcourse (studentid,courseid,progress,startdate) values (308,14,58,date '2016-08-25');
insert into studentcourse (studentid,courseid,progress,startdate) values (308,31,40,date '2015-01-25');
insert into studentcourse (studentid,courseid,progress,startdate) values (308,64,90,date '2014-01-25');
insert into studentcourse (studentid,courseid,progress,startdate) values (308,24,73,date '2017-01-25');
insert into studentcourse (studentid,courseid,progress,startdate) values (309,12,41,date '2017-01-25');
insert into studentcourse (studentid,courseid,progress,startdate) values (309,15,88,date '2017-08-25');
insert into studentcourse (studentid,courseid,progress,startdate) values (309,50,65,date '2014-08-25');
insert into studentcourse (studentid,courseid,progress,startdate) values (309,61,43,date '2016-01-25');
insert into studentcourse (studentid,courseid,progress,startdate) values (310,67,40,date '2017-01-25');
insert into studentcourse (studentid,courseid,progress,startdate) values (310,21,88,date '2015-01-25');
insert into studentcourse (studentid,courseid,progress,startdate) values (310,22,64,date '2014-01-25');
insert into studentcourse (studentid,courseid,progress,startdate) values (311,76,71,date '2016-01-25');
insert into studentcourse (studentid,courseid,progress,startdate) values (311,67,37,date '2017-01-25');
insert into studentcourse (studentid,courseid,progress,startdate) values (311,45,69,date '2017-08-25');
insert into studentcourse (studentid,courseid,progress,startdate) values (311,35,69,date '2017-01-25');
insert into studentcourse (studentid,courseid,progress,startdate) values (312,29,65,date '2015-01-25');
insert into studentcourse (studentid,courseid,progress,startdate) values (312,69,66,date '2017-01-25');
insert into studentcourse (studentid,courseid,progress,startdate) values (312,6,89,date '2017-01-25');
insert into studentcourse (studentid,courseid,progress,startdate) values (312,38,42,date '2017-08-25');
insert into studentcourse (studentid,courseid,progress,startdate) values (313,24,54,date '2015-08-25');
insert into studentcourse (studentid,courseid,progress,startdate) values (313,16,52,date '2016-01-25');
insert into studentcourse (studentid,courseid,progress,startdate) values (313,19,49,date '2016-01-25');
insert into studentcourse (studentid,courseid,progress,startdate) values (313,68,50,date '2017-08-25');
insert into studentcourse (studentid,courseid,progress,startdate) values (314,70,45,date '2016-08-25');
insert into studentcourse (studentid,courseid,progress,startdate) values (314,29,86,date '2015-01-25');
insert into studentcourse (studentid,courseid,progress,startdate) values (314,32,64,date '2017-01-25');
insert into studentcourse (studentid,courseid,progress,startdate) values (315,69,58,date '2014-01-25');
insert into studentcourse (studentid,courseid,progress,startdate) values (315,70,54,date '2016-01-25');
insert into studentcourse (studentid,courseid,progress,startdate) values (315,21,65,date '2017-01-25');
insert into studentcourse (studentid,courseid,progress,startdate) values (315,56,53,date '2015-01-25');
insert into studentcourse (studentid,courseid,progress,startdate) values (316,45,53,date '2017-08-25');
insert into studentcourse (studentid,courseid,progress,startdate) values (316,68,36,date '2016-01-25');
insert into studentcourse (studentid,courseid,progress,startdate) values (316,71,38,date '2016-01-25');
insert into studentcourse (studentid,courseid,progress,startdate) values (316,56,87,date '2015-08-25');
insert into studentcourse (studentid,courseid,progress,startdate) values (317,17,53,date '2015-01-25');
insert into studentcourse (studentid,courseid,progress,startdate) values (317,30,49,date '2017-01-25');
insert into studentcourse (studentid,courseid,progress,startdate) values (317,13,73,date '2017-08-25');
insert into studentcourse (studentid,courseid,progress,startdate) values (317,70,36,date '2017-01-25');
insert into studentcourse (studentid,courseid,progress,startdate) values (318,33,39,date '2015-01-25');
insert into studentcourse (studentid,courseid,progress,startdate) values (318,42,86,date '2017-01-25');
insert into studentcourse (studentid,courseid,progress,startdate) values (318,24,87,date '2016-08-25');
insert into studentcourse (studentid,courseid,progress,startdate) values (318,43,86,date '2014-01-25');
insert into studentcourse (studentid,courseid,progress,startdate) values (318,61,81,date '2015-01-25');
insert into studentcourse (studentid,courseid,progress,startdate) values (319,57,37,date '2016-01-25');
insert into studentcourse (studentid,courseid,progress,startdate) values (319,42,52,date '2017-01-25');
insert into studentcourse (studentid,courseid,progress,startdate) values (319,73,53,date '2016-01-25');
insert into studentcourse (studentid,courseid,progress,startdate) values (319,63,38,date '2015-01-25');
insert into studentcourse (studentid,courseid,progress,startdate) values (320,66,57,date '2017-01-25');
insert into studentcourse (studentid,courseid,progress,startdate) values (320,25,51,date '2017-08-25');
insert into studentcourse (studentid,courseid,progress,startdate) values (320,18,84,date '2017-01-25');
insert into studentcourse (studentid,courseid,progress,startdate) values (320,74,85,date '2015-01-25');
insert into studentcourse (studentid,courseid,progress,startdate) values (321,5,43,date '2017-08-25');
insert into studentcourse (studentid,courseid,progress,startdate) values (321,64,55,date '2014-08-25');
insert into studentcourse (studentid,courseid,progress,startdate) values (321,9,42,date '2015-08-25');
insert into studentcourse (studentid,courseid,progress,startdate) values (321,60,36,date '2017-08-25');
insert into studentcourse (studentid,courseid,progress,startdate) values (322,41,54,date '2016-01-25');
insert into studentcourse (studentid,courseid,progress,startdate) values (322,62,41,date '2017-01-25');
insert into studentcourse (studentid,courseid,progress,startdate) values (322,55,64,date '2017-01-25');
insert into studentcourse (studentid,courseid,progress,startdate) values (322,22,73,date '2017-08-25');
insert into studentcourse (studentid,courseid,progress,startdate) values (322,11,41,date '2016-08-25');
insert into studentcourse (studentid,courseid,progress,startdate) values (323,27,83,date '2015-08-25');
insert into studentcourse (studentid,courseid,progress,startdate) values (323,44,86,date '2017-08-25');
insert into studentcourse (studentid,courseid,progress,startdate) values (323,35,68,date '2017-08-25');
insert into studentcourse (studentid,courseid,progress,startdate) values (323,43,44,date '2016-08-25');
insert into studentcourse (studentid,courseid,progress,startdate) values (324,23,49,date '2017-08-25');
insert into studentcourse (studentid,courseid,progress,startdate) values (324,33,44,date '2015-08-25');
insert into studentcourse (studentid,courseid,progress,startdate) values (324,26,40,date '2017-08-25');
insert into studentcourse (studentid,courseid,progress,startdate) values (324,42,64,date '2016-01-25');
insert into studentcourse (studentid,courseid,progress,startdate) values (325,28,53,date '2015-01-25');
insert into studentcourse (studentid,courseid,progress,startdate) values (325,1,54,date '2015-01-25');
insert into studentcourse (studentid,courseid,progress,startdate) values (325,53,73,date '2017-01-25');
insert into studentcourse (studentid,courseid,progress,startdate) values (325,59,88,date '2017-01-25');
insert into studentcourse (studentid,courseid,progress,startdate) values (326,71,37,date '2016-08-25');
insert into studentcourse (studentid,courseid,progress,startdate) values (326,70,54,date '2017-01-25');
insert into studentcourse (studentid,courseid,progress,startdate) values (326,38,66,date '2014-01-25');
insert into studentcourse (studentid,courseid,progress,startdate) values (326,23,40,date '2017-08-25');
insert into studentcourse (studentid,courseid,progress,startdate) values (326,28,54,date '2017-01-25');
insert into studentcourse (studentid,courseid,progress,startdate) values (327,74,83,date '2015-01-25');
insert into studentcourse (studentid,courseid,progress,startdate) values (327,64,56,date '2015-01-25');
insert into studentcourse (studentid,courseid,progress,startdate) values (327,20,38,date '2017-01-25');
insert into studentcourse (studentid,courseid,progress,startdate) values (327,28,68,date '2015-01-25');
insert into studentcourse (studentid,courseid,progress,startdate) values (328,33,55,date '2014-08-25');
insert into studentcourse (studentid,courseid,progress,startdate) values (328,23,58,date '2016-08-25');
insert into studentcourse (studentid,courseid,progress,startdate) values (328,7,87,date '2016-01-25');
insert into studentcourse (studentid,courseid,progress,startdate) values (328,73,41,date '2017-08-25');
insert into studentcourse (studentid,courseid,progress,startdate) values (329,10,45,date '2017-08-25');
insert into studentcourse (studentid,courseid,progress,startdate) values (329,3,86,date '2016-01-25');
insert into studentcourse (studentid,courseid,progress,startdate) values (329,69,38,date '2017-01-25');
insert into studentcourse (studentid,courseid,progress,startdate) values (329,47,45,date '2015-01-25');
insert into studentcourse (studentid,courseid,progress,startdate) values (329,75,72,date '2016-01-25');
insert into studentcourse (studentid,courseid,progress,startdate) values (330,76,83,date '2017-01-25');
insert into studentcourse (studentid,courseid,progress,startdate) values (330,67,41,date '2017-01-25');
insert into studentcourse (studentid,courseid,progress,startdate) values (330,45,42,date '2016-01-25');
insert into studentcourse (studentid,courseid,progress,startdate) values (331,1,65,date '2015-08-25');
insert into studentcourse (studentid,courseid,progress,startdate) values (331,28,66,date '2017-01-25');
insert into studentcourse (studentid,courseid,progress,startdate) values (331,24,58,date '2017-01-25');
insert into studentcourse (studentid,courseid,progress,startdate) values (331,51,53,date '2015-01-25');
insert into studentcourse (studentid,courseid,progress,startdate) values (331,44,67,date '2017-01-25');
insert into studentcourse (studentid,courseid,progress,startdate) values (332,64,58,date '2014-01-25');
insert into studentcourse (studentid,courseid,progress,startdate) values (332,22,54,date '2017-01-25');
insert into studentcourse (studentid,courseid,progress,startdate) values (332,32,58,date '2017-08-25');
insert into studentcourse (studentid,courseid,progress,startdate) values (332,3,56,date '2016-08-25');
insert into studentcourse (studentid,courseid,progress,startdate) values (333,76,83,date '2015-01-25');
insert into studentcourse (studentid,courseid,progress,startdate) values (333,48,55,date '2016-01-25');
insert into studentcourse (studentid,courseid,progress,startdate) values (333,4,71,date '2016-01-25');
insert into studentcourse (studentid,courseid,progress,startdate) values (333,39,87,date '2017-01-25');
insert into studentcourse (studentid,courseid,progress,startdate) values (334,32,49,date '2017-08-25');
insert into studentcourse (studentid,courseid,progress,startdate) values (334,33,66,date '2017-01-25');
insert into studentcourse (studentid,courseid,progress,startdate) values (334,70,36,date '2015-01-25');
insert into studentcourse (studentid,courseid,progress,startdate) values (334,42,90,date '2016-01-25');
insert into studentcourse (studentid,courseid,progress,startdate) values (335,9,58,date '2016-01-25');
insert into studentcourse (studentid,courseid,progress,startdate) values (335,23,49,date '2017-01-25');
insert into studentcourse (studentid,courseid,progress,startdate) values (335,56,50,date '2017-08-25');
insert into studentcourse (studentid,courseid,progress,startdate) values (335,69,54,date '2015-08-25');
insert into studentcourse (studentid,courseid,progress,startdate) values (336,49,54,date '2015-01-25');
insert into studentcourse (studentid,courseid,progress,startdate) values (336,27,89,date '2015-01-25');
insert into studentcourse (studentid,courseid,progress,startdate) values (336,7,44,date '2017-01-25');
insert into studentcourse (studentid,courseid,progress,startdate) values (336,64,56,date '2015-01-25');
insert into studentcourse (studentid,courseid,progress,startdate) values (337,47,37,date '2015-01-25');
insert into studentcourse (studentid,courseid,progress,startdate) values (337,19,52,date '2016-08-25');
insert into studentcourse (studentid,courseid,progress,startdate) values (337,41,81,date '2014-01-25');
insert into studentcourse (studentid,courseid,progress,startdate) values (338,4,45,date '2017-01-25');
insert into studentcourse (studentid,courseid,progress,startdate) values (338,14,53,date '2017-01-25');
insert into studentcourse (studentid,courseid,progress,startdate) values (338,55,41,date '2017-01-25');
insert into studentcourse (studentid,courseid,progress,startdate) values (338,59,82,date '2014-01-25');
insert into studentcourse (studentid,courseid,progress,startdate) values (339,32,66,date '2017-08-25');
insert into studentcourse (studentid,courseid,progress,startdate) values (339,26,44,date '2015-01-25');
insert into studentcourse (studentid,courseid,progress,startdate) values (339,68,55,date '2017-01-25');
insert into studentcourse (studentid,courseid,progress,startdate) values (339,47,52,date '2016-01-25');
insert into studentcourse (studentid,courseid,progress,startdate) values (340,11,83,date '2015-01-25');
insert into studentcourse (studentid,courseid,progress,startdate) values (340,52,43,date '2017-08-25');
insert into studentcourse (studentid,courseid,progress,startdate) values (340,5,55,date '2014-08-25');
insert into studentcourse (studentid,courseid,progress,startdate) values (340,56,53,date '2017-08-25');
insert into studentcourse (studentid,courseid,progress,startdate) values (341,26,73,date '2017-08-25');
insert into studentcourse (studentid,courseid,progress,startdate) values (341,23,82,date '2017-01-25');
insert into studentcourse (studentid,courseid,progress,startdate) values (341,32,40,date '2016-01-25');
insert into studentcourse (studentid,courseid,progress,startdate) values (341,44,52,date '2016-01-25');
insert into studentcourse (studentid,courseid,progress,startdate) values (342,29,86,date '2015-01-25');
insert into studentcourse (studentid,courseid,progress,startdate) values (342,75,73,date '2015-01-25');
insert into studentcourse (studentid,courseid,progress,startdate) values (342,68,84,date '2017-01-25');
insert into studentcourse (studentid,courseid,progress,startdate) values (342,43,66,date '2017-01-25');
insert into studentcourse (studentid,courseid,progress,startdate) values (343,26,83,date '2017-08-25');
insert into studentcourse (studentid,courseid,progress,startdate) values (343,42,50,date '2015-01-25');
insert into studentcourse (studentid,courseid,progress,startdate) values (343,22,71,date '2017-01-25');
insert into studentcourse (studentid,courseid,progress,startdate) values (343,67,49,date '2015-08-25');
insert into studentcourse (studentid,courseid,progress,startdate) values (344,23,37,date '2016-01-25');
insert into studentcourse (studentid,courseid,progress,startdate) values (344,32,43,date '2015-01-25');
insert into studentcourse (studentid,courseid,progress,startdate) values (344,42,85,date '2015-01-25');
insert into studentcourse (studentid,courseid,progress,startdate) values (344,6,86,date '2017-01-25');
insert into studentcourse (studentid,courseid,progress,startdate) values (345,33,43,date '2014-01-25');
insert into studentcourse (studentid,courseid,progress,startdate) values (345,9,82,date '2017-01-25');
insert into studentcourse (studentid,courseid,progress,startdate) values (345,32,40,date '2016-08-25');
insert into studentcourse (studentid,courseid,progress,startdate) values (345,43,55,date '2017-01-25');
insert into studentcourse (studentid,courseid,progress,startdate) values (346,23,54,date '2015-01-25');
insert into studentcourse (studentid,courseid,progress,startdate) values (346,57,49,date '2017-08-25');
insert into studentcourse (studentid,courseid,progress,startdate) values (346,42,37,date '2017-08-25');
insert into studentcourse (studentid,courseid,progress,startdate) values (346,34,42,date '2016-01-25');
insert into studentcourse (studentid,courseid,progress,startdate) values (347,26,66,date '2017-01-25');
insert into studentcourse (studentid,courseid,progress,startdate) values (347,32,42,date '2017-08-25');
insert into studentcourse (studentid,courseid,progress,startdate) values (347,8,57,date '2017-01-25');
insert into studentcourse (studentid,courseid,progress,startdate) values (347,29,41,date '2015-01-25');
insert into studentcourse (studentid,courseid,progress,startdate) values (348,59,41,date '2017-01-25');
insert into studentcourse (studentid,courseid,progress,startdate) values (348,25,89,date '2016-01-25');
insert into studentcourse (studentid,courseid,progress,startdate) values (348,39,49,date '2015-01-25');
insert into studentcourse (studentid,courseid,progress,startdate) values (348,66,44,date '2017-01-25');
insert into studentcourse (studentid,courseid,progress,startdate) values (349,4,66,date '2017-01-25');
insert into studentcourse (studentid,courseid,progress,startdate) values (349,31,58,date '2016-08-25');
insert into studentcourse (studentid,courseid,progress,startdate) values (349,28,45,date '2016-08-25');
insert into studentcourse (studentid,courseid,progress,startdate) values (349,26,85,date '2016-01-25');
insert into studentcourse (studentid,courseid,progress,startdate) values (350,17,90,date '2015-01-25');
insert into studentcourse (studentid,courseid,progress,startdate) values (350,39,55,date '2017-01-25');
insert into studentcourse (studentid,courseid,progress,startdate) values (350,75,83,date '2017-01-25');
insert into studentcourse (studentid,courseid,progress,startdate) values (350,55,86,date '2017-08-25');
insert into studentcourse (studentid,courseid,progress,startdate) values (351,53,64,date '2014-01-25');
insert into studentcourse (studentid,courseid,progress,startdate) values (351,39,55,date '2016-01-25');
insert into studentcourse (studentid,courseid,progress,startdate) values (351,32,38,date '2015-01-25');
insert into studentcourse (studentid,courseid,progress,startdate) values (351,10,90,date '2017-01-25');
insert into studentcourse (studentid,courseid,progress,startdate) values (352,67,40,date '2015-08-25');
insert into studentcourse (studentid,courseid,progress,startdate) values (352,76,45,date '2017-01-25');
insert into studentcourse (studentid,courseid,progress,startdate) values (352,18,36,date '2015-01-25');
insert into studentcourse (studentid,courseid,progress,startdate) values (353,29,39,date '2016-01-25');
insert into studentcourse (studentid,courseid,progress,startdate) values (353,69,39,date '2014-08-25');
insert into studentcourse (studentid,courseid,progress,startdate) values (353,51,70,date '2016-08-25');
insert into studentcourse (studentid,courseid,progress,startdate) values (353,47,69,date '2017-08-25');
insert into studentcourse (studentid,courseid,progress,startdate) values (354,71,89,date '2016-08-25');
insert into studentcourse (studentid,courseid,progress,startdate) values (354,70,41,date '2017-08-25');
insert into studentcourse (studentid,courseid,progress,startdate) values (354,48,44,date '2017-01-25');
insert into studentcourse (studentid,courseid,progress,startdate) values (354,59,45,date '2016-01-25');
insert into studentcourse (studentid,courseid,progress,startdate) values (355,21,86,date '2017-01-25');
insert into studentcourse (studentid,courseid,progress,startdate) values (355,67,44,date '2015-01-25');
insert into studentcourse (studentid,courseid,progress,startdate) values (355,32,37,date '2015-08-25');
insert into studentcourse (studentid,courseid,progress,startdate) values (355,22,90,date '2017-08-25');
insert into studentcourse (studentid,courseid,progress,startdate) values (356,49,66,date '2016-08-25');
insert into studentcourse (studentid,courseid,progress,startdate) values (356,18,36,date '2017-08-25');
insert into studentcourse (studentid,courseid,progress,startdate) values (356,28,42,date '2017-01-25');
insert into studentcourse (studentid,courseid,progress,startdate) values (357,12,56,date '2016-01-25');
insert into studentcourse (studentid,courseid,progress,startdate) values (357,15,40,date '2017-01-25');
insert into studentcourse (studentid,courseid,progress,startdate) values (357,26,86,date '2017-01-25');
insert into studentcourse (studentid,courseid,progress,startdate) values (358,38,39,date '2017-08-25');
insert into studentcourse (studentid,courseid,progress,startdate) values (358,34,69,date '2017-01-25');
insert into studentcourse (studentid,courseid,progress,startdate) values (358,62,89,date '2015-01-25');
insert into studentcourse (studentid,courseid,progress,startdate) values (358,16,36,date '2015-08-25');
insert into studentcourse (studentid,courseid,progress,startdate) values (359,11,70,date '2017-08-25');
insert into studentcourse (studentid,courseid,progress,startdate) values (359,10,50,date '2017-08-25');
insert into studentcourse (studentid,courseid,progress,startdate) values (359,51,85,date '2015-08-25');
insert into studentcourse (studentid,courseid,progress,startdate) values (359,4,72,date '2017-01-25');
insert into studentcourse (studentid,courseid,progress,startdate) values (360,11,54,date '2014-01-25');
insert into studentcourse (studentid,courseid,progress,startdate) values (360,10,82,date '2017-01-25');
insert into studentcourse (studentid,courseid,progress,startdate) values (360,73,64,date '2014-08-25');
insert into studentcourse (studentid,courseid,progress,startdate) values (360,5,87,date '2015-01-25');
insert into studentcourse (studentid,courseid,progress,startdate) values (361,28,82,date '2017-01-25');
insert into studentcourse (studentid,courseid,progress,startdate) values (361,1,41,date '2017-01-25');
insert into studentcourse (studentid,courseid,progress,startdate) values (361,19,89,date '2015-01-25');
insert into studentcourse (studentid,courseid,progress,startdate) values (361,65,82,date '2016-01-25');
insert into studentcourse (studentid,courseid,progress,startdate) values (362,27,40,date '2017-08-25');
insert into studentcourse (studentid,courseid,progress,startdate) values (362,4,68,date '2017-08-25');
insert into studentcourse (studentid,courseid,progress,startdate) values (362,41,81,date '2016-08-25');
insert into studentcourse (studentid,courseid,progress,startdate) values (362,29,71,date '2017-01-25');
insert into studentcourse (studentid,courseid,progress,startdate) values (363,28,56,date '2017-01-25');
insert into studentcourse (studentid,courseid,progress,startdate) values (363,47,51,date '2017-08-25');
insert into studentcourse (studentid,courseid,progress,startdate) values (363,10,89,date '2015-08-25');
insert into studentcourse (studentid,courseid,progress,startdate) values (363,14,36,date '2017-08-25');
insert into studentcourse (studentid,courseid,progress,startdate) values (364,16,89,date '2016-01-25');
insert into studentcourse (studentid,courseid,progress,startdate) values (364,35,54,date '2015-01-25');
insert into studentcourse (studentid,courseid,progress,startdate) values (364,18,55,date '2015-01-25');
insert into studentcourse (studentid,courseid,progress,startdate) values (364,31,41,date '2017-01-25');
insert into studentcourse (studentid,courseid,progress,startdate) values (365,68,88,date '2017-01-25');
insert into studentcourse (studentid,courseid,progress,startdate) values (365,44,42,date '2016-01-25');
insert into studentcourse (studentid,courseid,progress,startdate) values (365,19,73,date '2017-08-25');
insert into studentcourse (studentid,courseid,progress,startdate) values (365,55,83,date '2016-08-25');
insert into studentcourse (studentid,courseid,progress,startdate) values (366,66,44,date '2015-01-25');
insert into studentcourse (studentid,courseid,progress,startdate) values (366,20,89,date '2017-01-25');
insert into studentcourse (studentid,courseid,progress,startdate) values (366,62,52,date '2015-01-25');
insert into studentcourse (studentid,courseid,progress,startdate) values (366,28,69,date '2017-08-25');
insert into studentcourse (studentid,courseid,progress,startdate) values (367,28,90,date '2017-01-25');
insert into studentcourse (studentid,courseid,progress,startdate) values (367,1,42,date '2016-01-25');
insert into studentcourse (studentid,courseid,progress,startdate) values (367,9,68,date '2017-01-25');
insert into studentcourse (studentid,courseid,progress,startdate) values (367,59,43,date '2015-01-25');
insert into studentcourse (studentid,courseid,progress,startdate) values (368,32,89,date '2017-08-25');
insert into studentcourse (studentid,courseid,progress,startdate) values (368,23,87,date '2017-08-25');
insert into studentcourse (studentid,courseid,progress,startdate) values (368,72,64,date '2016-08-25');
insert into studentcourse (studentid,courseid,progress,startdate) values (368,22,66,date '2016-01-25');
insert into studentcourse (studentid,courseid,progress,startdate) values (369,37,82,date '2016-01-25');
insert into studentcourse (studentid,courseid,progress,startdate) values (369,52,81,date '2017-01-25');
insert into studentcourse (studentid,courseid,progress,startdate) values (369,22,58,date '2017-08-25');
insert into studentcourse (studentid,courseid,progress,startdate) values (369,2,81,date '2017-08-25');
insert into studentcourse (studentid,courseid,progress,startdate) values (370,53,50,date '2014-08-25');
insert into studentcourse (studentid,courseid,progress,startdate) values (370,15,81,date '2016-08-25');
insert into studentcourse (studentid,courseid,progress,startdate) values (370,22,65,date '2015-08-25');
insert into studentcourse (studentid,courseid,progress,startdate) values (370,32,58,date '2017-01-25');
insert into studentcourse (studentid,courseid,progress,startdate) values (371,37,67,date '2017-01-25');
insert into studentcourse (studentid,courseid,progress,startdate) values (371,16,85,date '2014-01-25');
insert into studentcourse (studentid,courseid,progress,startdate) values (371,61,70,date '2015-01-25');
insert into studentcourse (studentid,courseid,progress,startdate) values (371,70,53,date '2017-01-25');
insert into studentcourse (studentid,courseid,progress,startdate) values (372,41,54,date '2017-01-25');
insert into studentcourse (studentid,courseid,progress,startdate) values (372,4,43,date '2016-08-25');
insert into studentcourse (studentid,courseid,progress,startdate) values (372,54,58,date '2017-08-25');
insert into studentcourse (studentid,courseid,progress,startdate) values (372,74,65,date '2017-08-25');
insert into studentcourse (studentid,courseid,progress,startdate) values (373,5,56,date '2016-01-25');
insert into studentcourse (studentid,courseid,progress,startdate) values (373,61,71,date '2015-01-25');
insert into studentcourse (studentid,courseid,progress,startdate) values (373,66,37,date '2017-01-25');
insert into studentcourse (studentid,courseid,progress,startdate) values (373,35,45,date '2016-01-25');
insert into studentcourse (studentid,courseid,progress,startdate) values (374,31,49,date '2016-01-25');
insert into studentcourse (studentid,courseid,progress,startdate) values (374,68,72,date '2015-01-25');
insert into studentcourse (studentid,courseid,progress,startdate) values (374,3,73,date '2017-01-25');
insert into studentcourse (studentid,courseid,progress,startdate) values (374,54,58,date '2017-01-25');
insert into studentcourse (studentid,courseid,progress,startdate) values (375,21,51,date '2016-08-25');
insert into studentcourse (studentid,courseid,progress,startdate) values (375,76,57,date '2017-08-25');
insert into studentcourse (studentid,courseid,progress,startdate) values (375,66,89,date '2017-08-25');
insert into studentcourse (studentid,courseid,progress,startdate) values (375,30,43,date '2015-01-25');
insert into studentcourse (studentid,courseid,progress,startdate) values (375,48,51,date '2017-01-25');
insert into studentcourse (studentid,courseid,progress,startdate) values (376,20,57,date '2015-01-25');
insert into studentcourse (studentid,courseid,progress,startdate) values (376,59,89,date '2015-08-25');
insert into studentcourse (studentid,courseid,progress,startdate) values (376,17,81,date '2014-08-25');
insert into studentcourse (studentid,courseid,progress,startdate) values (376,2,37,date '2017-01-25');
insert into studentcourse (studentid,courseid,progress,startdate) values (377,68,56,date '2014-01-25');
insert into studentcourse (studentid,courseid,progress,startdate) values (377,18,70,date '2016-01-25');
insert into studentcourse (studentid,courseid,progress,startdate) values (377,59,42,date '2016-08-25');
insert into studentcourse (studentid,courseid,progress,startdate) values (377,61,81,date '2017-08-25');
insert into studentcourse (studentid,courseid,progress,startdate) values (378,13,37,date '2017-08-25');
insert into studentcourse (studentid,courseid,progress,startdate) values (378,46,88,date '2015-08-25');
insert into studentcourse (studentid,courseid,progress,startdate) values (378,25,90,date '2017-08-25');
insert into studentcourse (studentid,courseid,progress,startdate) values (378,59,58,date '2017-01-25');
insert into studentcourse (studentid,courseid,progress,startdate) values (379,67,87,date '2015-01-25');
insert into studentcourse (studentid,courseid,progress,startdate) values (379,76,64,date '2017-01-25');
insert into studentcourse (studentid,courseid,progress,startdate) values (379,4,68,date '2017-01-25');
insert into studentcourse (studentid,courseid,progress,startdate) values (379,53,89,date '2016-01-25');
insert into studentcourse (studentid,courseid,progress,startdate) values (380,48,65,date '2017-01-25');
insert into studentcourse (studentid,courseid,progress,startdate) values (380,76,38,date '2016-08-25');
insert into studentcourse (studentid,courseid,progress,startdate) values (380,6,68,date '2017-08-25');
insert into studentcourse (studentid,courseid,progress,startdate) values (380,33,43,date '2017-01-25');
insert into studentcourse (studentid,courseid,progress,startdate) values (381,48,43,date '2016-01-25');
insert into studentcourse (studentid,courseid,progress,startdate) values (381,76,57,date '2015-01-25');
insert into studentcourse (studentid,courseid,progress,startdate) values (381,28,66,date '2015-08-25');
insert into studentcourse (studentid,courseid,progress,startdate) values (381,26,41,date '2016-01-25');
insert into studentcourse (studentid,courseid,progress,startdate) values (382,3,81,date '2017-01-25');
insert into studentcourse (studentid,courseid,progress,startdate) values (382,24,67,date '2017-01-25');
insert into studentcourse (studentid,courseid,progress,startdate) values (382,75,81,date '2017-08-25');
insert into studentcourse (studentid,courseid,progress,startdate) values (382,18,53,date '2017-08-25');
insert into studentcourse (studentid,courseid,progress,startdate) values (383,60,57,date '2016-08-25');
insert into studentcourse (studentid,courseid,progress,startdate) values (383,20,55,date '2017-01-25');
insert into studentcourse (studentid,courseid,progress,startdate) values (383,48,40,date '2017-01-25');
insert into studentcourse (studentid,courseid,progress,startdate) values (383,6,69,date '2016-01-25');
insert into studentcourse (studentid,courseid,progress,startdate) values (384,32,42,date '2015-01-25');
insert into studentcourse (studentid,courseid,progress,startdate) values (384,26,44,date '2017-01-25');
insert into studentcourse (studentid,courseid,progress,startdate) values (384,61,57,date '2017-08-25');
insert into studentcourse (studentid,courseid,progress,startdate) values (384,17,83,date '2015-08-25');
insert into studentcourse (studentid,courseid,progress,startdate) values (384,15,40,date '2016-01-25');
insert into studentcourse (studentid,courseid,progress,startdate) values (385,50,49,date '2017-01-25');
insert into studentcourse (studentid,courseid,progress,startdate) values (385,19,65,date '2017-01-25');
insert into studentcourse (studentid,courseid,progress,startdate) values (385,11,38,date '2016-01-25');
insert into studentcourse (studentid,courseid,progress,startdate) values (385,13,53,date '2015-01-25');
insert into studentcourse (studentid,courseid,progress,startdate) values (386,39,49,date '2017-08-25');
insert into studentcourse (studentid,courseid,progress,startdate) values (386,17,81,date '2017-08-25');
insert into studentcourse (studentid,courseid,progress,startdate) values (386,37,57,date '2016-01-25');
insert into studentcourse (studentid,courseid,progress,startdate) values (386,11,42,date '2017-01-25');
insert into studentcourse (studentid,courseid,progress,startdate) values (387,8,71,date '2014-01-25');
insert into studentcourse (studentid,courseid,progress,startdate) values (387,51,57,date '2014-08-25');
insert into studentcourse (studentid,courseid,progress,startdate) values (387,46,52,date '2017-01-25');
insert into studentcourse (studentid,courseid,progress,startdate) values (387,61,45,date '2016-01-25');
insert into studentcourse (studentid,courseid,progress,startdate) values (388,29,41,date '2017-01-25');
insert into studentcourse (studentid,courseid,progress,startdate) values (388,75,82,date '2016-01-25');
insert into studentcourse (studentid,courseid,progress,startdate) values (388,14,45,date '2015-08-25');
insert into studentcourse (studentid,courseid,progress,startdate) values (388,70,73,date '2017-08-25');
insert into studentcourse (studentid,courseid,progress,startdate) values (389,41,81,date '2017-08-25');
insert into studentcourse (studentid,courseid,progress,startdate) values (389,27,68,date '2016-01-25');
insert into studentcourse (studentid,courseid,progress,startdate) values (389,68,90,date '2015-01-25');
insert into studentcourse (studentid,courseid,progress,startdate) values (389,63,43,date '2017-01-25');
insert into studentcourse (studentid,courseid,progress,startdate) values (390,75,40,date '2017-01-25');
insert into studentcourse (studentid,courseid,progress,startdate) values (390,29,53,date '2016-08-25');
insert into studentcourse (studentid,courseid,progress,startdate) values (390,65,50,date '2015-08-25');
insert into studentcourse (studentid,courseid,progress,startdate) values (390,53,70,date '2017-01-25');
insert into studentcourse (studentid,courseid,progress,startdate) values (391,31,38,date '2014-01-25');
insert into studentcourse (studentid,courseid,progress,startdate) values (391,44,49,date '2016-01-25');
insert into studentcourse (studentid,courseid,progress,startdate) values (391,15,50,date '2017-08-25');
insert into studentcourse (studentid,courseid,progress,startdate) values (391,32,38,date '2015-01-25');
insert into studentcourse (studentid,courseid,progress,startdate) values (392,53,64,date '2017-01-25');
insert into studentcourse (studentid,courseid,progress,startdate) values (392,51,81,date '2016-01-25');
insert into studentcourse (studentid,courseid,progress,startdate) values (392,36,90,date '2016-08-25');
insert into studentcourse (studentid,courseid,progress,startdate) values (392,45,88,date '2015-01-25');
insert into studentcourse (studentid,courseid,progress,startdate) values (393,47,43,date '2017-01-25');
insert into studentcourse (studentid,courseid,progress,startdate) values (393,19,43,date '2015-01-25');
insert into studentcourse (studentid,courseid,progress,startdate) values (393,25,84,date '2016-01-25');
insert into studentcourse (studentid,courseid,progress,startdate) values (393,57,89,date '2015-01-25');
insert into studentcourse (studentid,courseid,progress,startdate) values (394,56,69,date '2017-08-25');
insert into studentcourse (studentid,courseid,progress,startdate) values (394,31,40,date '2017-08-25');
insert into studentcourse (studentid,courseid,progress,startdate) values (394,1,36,date '2017-08-25');
insert into studentcourse (studentid,courseid,progress,startdate) values (394,16,68,date '2016-08-25');
insert into studentcourse (studentid,courseid,progress,startdate) values (395,53,49,date '2017-08-25');
insert into studentcourse (studentid,courseid,progress,startdate) values (395,39,50,date '2016-01-25');
insert into studentcourse (studentid,courseid,progress,startdate) values (395,32,83,date '2014-01-25');
insert into studentcourse (studentid,courseid,progress,startdate) values (395,30,37,date '2017-01-25');
insert into studentcourse (studentid,courseid,progress,startdate) values (396,64,53,date '2017-01-25');
insert into studentcourse (studentid,courseid,progress,startdate) values (396,58,66,date '2017-08-25');
insert into studentcourse (studentid,courseid,progress,startdate) values (396,61,88,date '2015-01-25');
insert into studentcourse (studentid,courseid,progress,startdate) values (396,59,37,date '2017-01-25');
insert into studentcourse (studentid,courseid,progress,startdate) values (397,9,84,date '2015-01-25');
insert into studentcourse (studentid,courseid,progress,startdate) values (397,26,52,date '2017-08-25');
insert into studentcourse (studentid,courseid,progress,startdate) values (397,11,85,date '2016-08-25');
insert into studentcourse (studentid,courseid,progress,startdate) values (397,48,56,date '2017-08-25');
insert into studentcourse (studentid,courseid,progress,startdate) values (398,68,88,date '2016-01-25');
insert into studentcourse (studentid,courseid,progress,startdate) values (398,40,58,date '2017-01-25');
insert into studentcourse (studentid,courseid,progress,startdate) values (398,6,44,date '2017-01-25');
insert into studentcourse (studentid,courseid,progress,startdate) values (398,29,40,date '2015-01-25');
insert into studentcourse (studentid,courseid,progress,startdate) values (399,20,81,date '2017-08-25');
insert into studentcourse (studentid,courseid,progress,startdate) values (399,5,86,date '2017-01-25');
insert into studentcourse (studentid,courseid,progress,startdate) values (399,12,40,date '2016-01-25');
insert into studentcourse (studentid,courseid,progress,startdate) values (399,21,53,date '2017-01-25');
insert into studentcourse (studentid,courseid,progress,startdate) values (400,5,65,date '2017-01-25');
insert into studentcourse (studentid,courseid,progress,startdate) values (400,61,65,date '2017-08-25');
insert into studentcourse (studentid,courseid,progress,startdate) values (400,25,72,date '2016-01-25');
insert into studentcourse (studentid,courseid,progress,startdate) values (400,43,52,date '2017-01-25');
insert into studentcourse (studentid,courseid,progress,startdate) values (401,57,40,date '2014-08-25');
insert into studentcourse (studentid,courseid,progress,startdate) values (401,23,83,date '2017-08-25');
insert into studentcourse (studentid,courseid,progress,startdate) values (401,32,50,date '2015-08-25');
insert into studentcourse (studentid,courseid,progress,startdate) values (401,35,72,date '2015-01-25');
insert into studentcourse (studentid,courseid,progress,startdate) values (402,17,71,date '2017-01-25');
insert into studentcourse (studentid,courseid,progress,startdate) values (402,12,72,date '2017-01-25');
insert into studentcourse (studentid,courseid,progress,startdate) values (402,10,70,date '2015-01-25');
insert into studentcourse (studentid,courseid,progress,startdate) values (402,31,90,date '2017-01-25');
insert into studentcourse (studentid,courseid,progress,startdate) values (403,32,68,date '2014-01-25');
insert into studentcourse (studentid,courseid,progress,startdate) values (403,23,81,date '2017-08-25');
insert into studentcourse (studentid,courseid,progress,startdate) values (403,70,82,date '2016-08-25');
insert into studentcourse (studentid,courseid,progress,startdate) values (403,44,72,date '2017-01-25');
insert into studentcourse (studentid,courseid,progress,startdate) values (403,14,82,date '2017-01-25');
insert into studentcourse (studentid,courseid,progress,startdate) values (404,18,43,date '2016-01-25');
insert into studentcourse (studentid,courseid,progress,startdate) values (404,65,88,date '2015-08-25');
insert into studentcourse (studentid,courseid,progress,startdate) values (404,17,41,date '2015-01-25');
insert into studentcourse (studentid,courseid,progress,startdate) values (404,41,44,date '2017-01-25');
insert into studentcourse (studentid,courseid,progress,startdate) values (405,62,83,date '2017-01-25');
insert into studentcourse (studentid,courseid,progress,startdate) values (405,45,42,date '2017-01-25');
insert into studentcourse (studentid,courseid,progress,startdate) values (405,43,72,date '2017-08-25');
insert into studentcourse (studentid,courseid,progress,startdate) values (405,26,86,date '2015-01-25');
insert into studentcourse (studentid,courseid,progress,startdate) values (406,11,57,date '2017-01-25');
insert into studentcourse (studentid,courseid,progress,startdate) values (406,10,38,date '2016-01-25');
insert into studentcourse (studentid,courseid,progress,startdate) values (406,56,56,date '2017-01-25');
insert into studentcourse (studentid,courseid,progress,startdate) values (406,51,86,date '2015-01-25');
insert into studentcourse (studentid,courseid,progress,startdate) values (407,2,51,date '2016-08-25');
insert into studentcourse (studentid,courseid,progress,startdate) values (407,51,88,date '2017-08-25');
insert into studentcourse (studentid,courseid,progress,startdate) values (407,15,55,date '2017-08-25');
insert into studentcourse (studentid,courseid,progress,startdate) values (407,74,45,date '2017-01-25');
insert into studentcourse (studentid,courseid,progress,startdate) values (408,30,55,date '2017-01-25');
insert into studentcourse (studentid,courseid,progress,startdate) values (408,53,66,date '2015-01-25');
insert into studentcourse (studentid,courseid,progress,startdate) values (408,29,86,date '2016-01-25');
insert into studentcourse (studentid,courseid,progress,startdate) values (408,51,58,date '2016-01-25');
insert into studentcourse (studentid,courseid,progress,startdate) values (408,46,49,date '2017-01-25');
insert into studentcourse (studentid,courseid,progress,startdate) values (409,30,69,date '2017-08-25');
insert into studentcourse (studentid,courseid,progress,startdate) values (409,51,72,date '2017-08-25');
insert into studentcourse (studentid,courseid,progress,startdate) values (409,19,37,date '2017-01-25');
insert into studentcourse (studentid,courseid,progress,startdate) values (409,25,51,date '2015-01-25');
insert into studentcourse (studentid,courseid,progress,startdate) values (410,30,58,date '2014-01-25');
insert into studentcourse (studentid,courseid,progress,startdate) values (410,2,37,date '2017-08-25');
insert into studentcourse (studentid,courseid,progress,startdate) values (410,15,39,date '2017-01-25');
insert into studentcourse (studentid,courseid,progress,startdate) values (410,17,43,date '2017-01-25');
insert into studentcourse (studentid,courseid,progress,startdate) values (411,48,40,date '2017-08-25');
insert into studentcourse (studentid,courseid,progress,startdate) values (411,67,44,date '2016-08-25');
insert into studentcourse (studentid,courseid,progress,startdate) values (411,66,67,date '2017-08-25');
insert into studentcourse (studentid,courseid,progress,startdate) values (411,58,53,date '2015-01-25');
insert into studentcourse (studentid,courseid,progress,startdate) values (412,67,70,date '2017-01-25');
insert into studentcourse (studentid,courseid,progress,startdate) values (412,76,36,date '2016-01-25');
insert into studentcourse (studentid,courseid,progress,startdate) values (412,22,65,date '2015-01-25');
insert into studentcourse (studentid,courseid,progress,startdate) values (412,36,88,date '2017-01-25');
insert into studentcourse (studentid,courseid,progress,startdate) values (413,46,81,date '2017-08-25');
insert into studentcourse (studentid,courseid,progress,startdate) values (413,19,39,date '2014-08-25');
insert into studentcourse (studentid,courseid,progress,startdate) values (413,16,83,date '2017-08-25');
insert into studentcourse (studentid,courseid,progress,startdate) values (414,49,89,date '2017-01-25');
insert into studentcourse (studentid,courseid,progress,startdate) values (414,14,38,date '2017-01-25');
insert into studentcourse (studentid,courseid,progress,startdate) values (414,58,89,date '2017-01-25');
insert into studentcourse (studentid,courseid,progress,startdate) values (414,67,42,date '2015-01-25');
insert into studentcourse (studentid,courseid,progress,startdate) values (415,8,85,date '2017-08-25');
insert into studentcourse (studentid,courseid,progress,startdate) values (415,51,71,date '2017-08-25');
insert into studentcourse (studentid,courseid,progress,startdate) values (415,49,71,date '2016-08-25');
insert into studentcourse (studentid,courseid,progress,startdate) values (415,56,40,date '2017-01-25');
insert into studentcourse (studentid,courseid,progress,startdate) values (416,54,53,date '2017-01-25');
insert into studentcourse (studentid,courseid,progress,startdate) values (416,64,68,date '2016-01-25');
insert into studentcourse (studentid,courseid,progress,startdate) values (416,6,57,date '2015-01-25');
insert into studentcourse (studentid,courseid,progress,startdate) values (416,49,58,date '2017-01-25');
insert into studentcourse (studentid,courseid,progress,startdate) values (417,43,66,date '2017-01-25');
insert into studentcourse (studentid,courseid,progress,startdate) values (417,28,57,date '2015-08-25');
insert into studentcourse (studentid,courseid,progress,startdate) values (417,67,40,date '2016-01-25');
insert into studentcourse (studentid,courseid,progress,startdate) values (417,44,70,date '2014-01-25');
insert into studentcourse (studentid,courseid,progress,startdate) values (418,59,57,date '2017-08-25');
insert into studentcourse (studentid,courseid,progress,startdate) values (418,25,44,date '2015-01-25');
insert into studentcourse (studentid,courseid,progress,startdate) values (418,33,51,date '2017-01-25');
insert into studentcourse (studentid,courseid,progress,startdate) values (418,37,65,date '2017-01-25');
insert into studentcourse (studentid,courseid,progress,startdate) values (419,9,38,date '2015-01-25');
insert into studentcourse (studentid,courseid,progress,startdate) values (419,23,57,date '2017-08-25');
insert into studentcourse (studentid,courseid,progress,startdate) values (419,74,71,date '2016-08-25');
insert into studentcourse (studentid,courseid,progress,startdate) values (419,66,38,date '2017-08-25');
insert into studentcourse (studentid,courseid,progress,startdate) values (420,34,85,date '2015-08-25');
insert into studentcourse (studentid,courseid,progress,startdate) values (420,11,51,date '2014-08-25');
insert into studentcourse (studentid,courseid,progress,startdate) values (420,50,44,date '2017-01-25');
insert into studentcourse (studentid,courseid,progress,startdate) values (421,32,58,date '2017-01-25');
insert into studentcourse (studentid,courseid,progress,startdate) values (421,9,40,date '2016-01-25');
insert into studentcourse (studentid,courseid,progress,startdate) values (421,38,68,date '2016-01-25');
insert into studentcourse (studentid,courseid,progress,startdate) values (421,39,43,date '2015-01-25');
insert into studentcourse (studentid,courseid,progress,startdate) values (422,51,68,date '2016-08-25');
insert into studentcourse (studentid,courseid,progress,startdate) values (422,12,38,date '2017-08-25');
insert into studentcourse (studentid,courseid,progress,startdate) values (422,55,83,date '2017-08-25');
insert into studentcourse (studentid,courseid,progress,startdate) values (422,14,55,date '2017-01-25');
insert into studentcourse (studentid,courseid,progress,startdate) values (422,20,88,date '2017-01-25');
insert into studentcourse (studentid,courseid,progress,startdate) values (423,71,73,date '2017-01-25');
insert into studentcourse (studentid,courseid,progress,startdate) values (423,29,84,date '2015-01-25');
insert into studentcourse (studentid,courseid,progress,startdate) values (423,38,43,date '2016-08-25');
insert into studentcourse (studentid,courseid,progress,startdate) values (423,60,89,date '2016-01-25');
insert into studentcourse (studentid,courseid,progress,startdate) values (424,73,64,date '2016-01-25');
insert into studentcourse (studentid,courseid,progress,startdate) values (424,45,82,date '2016-08-25');
insert into studentcourse (studentid,courseid,progress,startdate) values (424,50,44,date '2017-08-25');
insert into studentcourse (studentid,courseid,progress,startdate) values (424,34,53,date '2017-01-25');
insert into studentcourse (studentid,courseid,progress,startdate) values (425,10,70,date '2015-01-25');
insert into studentcourse (studentid,courseid,progress,startdate) values (425,6,51,date '2017-01-25');
insert into studentcourse (studentid,courseid,progress,startdate) values (425,28,42,date '2015-01-25');
insert into studentcourse (studentid,courseid,progress,startdate) values (425,56,45,date '2017-01-25');
insert into studentcourse (studentid,courseid,progress,startdate) values (426,66,87,date '2014-01-25');
insert into studentcourse (studentid,courseid,progress,startdate) values (426,5,43,date '2015-08-25');
insert into studentcourse (studentid,courseid,progress,startdate) values (426,32,38,date '2015-01-25');
insert into studentcourse (studentid,courseid,progress,startdate) values (426,30,90,date '2017-01-25');
insert into studentcourse (studentid,courseid,progress,startdate) values (426,25,86,date '2017-01-25');
insert into studentcourse (studentid,courseid,progress,startdate) values (427,28,69,date '2015-01-25');
insert into studentcourse (studentid,courseid,progress,startdate) values (427,50,64,date '2015-01-25');
insert into studentcourse (studentid,courseid,progress,startdate) values (427,41,51,date '2017-08-25');
insert into studentcourse (studentid,courseid,progress,startdate) values (427,19,36,date '2014-08-25');
insert into studentcourse (studentid,courseid,progress,startdate) values (428,38,42,date '2017-08-25');
insert into studentcourse (studentid,courseid,progress,startdate) values (428,3,58,date '2017-08-25');
insert into studentcourse (studentid,courseid,progress,startdate) values (428,16,69,date '2016-08-25');
insert into studentcourse (studentid,courseid,progress,startdate) values (428,59,90,date '2015-08-25');
insert into studentcourse (studentid,courseid,progress,startdate) values (429,53,81,date '2017-08-25');
insert into studentcourse (studentid,courseid,progress,startdate) values (429,2,55,date '2016-08-25');
insert into studentcourse (studentid,courseid,progress,startdate) values (429,58,54,date '2016-08-25');
insert into studentcourse (studentid,courseid,progress,startdate) values (429,63,52,date '2016-01-25');
insert into studentcourse (studentid,courseid,progress,startdate) values (430,47,82,date '2016-01-25');
insert into studentcourse (studentid,courseid,progress,startdate) values (430,19,82,date '2017-01-25');
insert into studentcourse (studentid,courseid,progress,startdate) values (430,43,82,date '2015-08-25');
insert into studentcourse (studentid,courseid,progress,startdate) values (430,35,56,date '2017-08-25');
insert into studentcourse (studentid,courseid,progress,startdate) values (430,9,52,date '2015-08-25');
insert into studentcourse (studentid,courseid,progress,startdate) values (431,75,86,date '2017-08-25');
insert into studentcourse (studentid,courseid,progress,startdate) values (431,69,51,date '2014-08-25');
insert into studentcourse (studentid,courseid,progress,startdate) values (431,41,72,date '2017-01-25');
insert into studentcourse (studentid,courseid,progress,startdate) values (431,24,67,date '2015-01-25');
insert into studentcourse (studentid,courseid,progress,startdate) values (432,30,37,date '2017-01-25');
insert into studentcourse (studentid,courseid,progress,startdate) values (432,12,90,date '2016-01-25');
insert into studentcourse (studentid,courseid,progress,startdate) values (432,14,82,date '2017-08-25');
insert into studentcourse (studentid,courseid,progress,startdate) values (432,1,72,date '2015-08-25');
insert into studentcourse (studentid,courseid,progress,startdate) values (433,46,51,date '2016-08-25');
insert into studentcourse (studentid,courseid,progress,startdate) values (433,28,88,date '2016-08-25');
insert into studentcourse (studentid,courseid,progress,startdate) values (433,66,58,date '2017-01-25');
insert into studentcourse (studentid,courseid,progress,startdate) values (433,62,36,date '2015-01-25');
insert into studentcourse (studentid,courseid,progress,startdate) values (434,9,44,date '2017-01-25');
insert into studentcourse (studentid,courseid,progress,startdate) values (434,42,58,date '2017-01-25');
insert into studentcourse (studentid,courseid,progress,startdate) values (434,13,52,date '2017-08-25');
insert into studentcourse (studentid,courseid,progress,startdate) values (434,62,89,date '2017-08-25');
insert into studentcourse (studentid,courseid,progress,startdate) values (435,24,89,date '2017-08-25');
insert into studentcourse (studentid,courseid,progress,startdate) values (435,35,36,date '2017-01-25');
insert into studentcourse (studentid,courseid,progress,startdate) values (435,56,90,date '2014-01-25');
insert into studentcourse (studentid,courseid,progress,startdate) values (435,70,84,date '2017-01-25');
insert into studentcourse (studentid,courseid,progress,startdate) values (436,48,45,date '2015-01-25');
insert into studentcourse (studentid,courseid,progress,startdate) values (436,21,86,date '2017-01-25');
insert into studentcourse (studentid,courseid,progress,startdate) values (436,60,88,date '2016-08-25');
insert into studentcourse (studentid,courseid,progress,startdate) values (436,2,72,date '2015-08-25');
insert into studentcourse (studentid,courseid,progress,startdate) values (437,50,83,date '2014-08-25');
insert into studentcourse (studentid,courseid,progress,startdate) values (437,1,89,date '2017-08-25');
insert into studentcourse (studentid,courseid,progress,startdate) values (437,5,38,date '2017-08-25');
insert into studentcourse (studentid,courseid,progress,startdate) values (437,47,38,date '2017-01-25');
insert into studentcourse (studentid,courseid,progress,startdate) values (438,45,52,date '2016-01-25');
insert into studentcourse (studentid,courseid,progress,startdate) values (438,14,49,date '2016-01-25');
insert into studentcourse (studentid,courseid,progress,startdate) values (438,67,71,date '2015-01-25');
insert into studentcourse (studentid,courseid,progress,startdate) values (438,63,86,date '2016-08-25');
insert into studentcourse (studentid,courseid,progress,startdate) values (439,66,44,date '2016-08-25');
insert into studentcourse (studentid,courseid,progress,startdate) values (439,22,42,date '2016-08-25');
insert into studentcourse (studentid,courseid,progress,startdate) values (439,21,57,date '2015-08-25');
insert into studentcourse (studentid,courseid,progress,startdate) values (440,69,72,date '2015-08-25');
insert into studentcourse (studentid,courseid,progress,startdate) values (440,70,84,date '2017-08-25');
insert into studentcourse (studentid,courseid,progress,startdate) values (440,55,65,date '2017-01-25');
insert into studentcourse (studentid,courseid,progress,startdate) values (440,72,72,date '2016-01-25');
insert into studentcourse (studentid,courseid,progress,startdate) values (441,76,57,date '2017-01-25');
insert into studentcourse (studentid,courseid,progress,startdate) values (441,48,52,date '2017-01-25');
insert into studentcourse (studentid,courseid,progress,startdate) values (441,25,85,date '2016-08-25');
insert into studentcourse (studentid,courseid,progress,startdate) values (441,70,49,date '2014-08-25');
insert into studentcourse (studentid,courseid,progress,startdate) values (442,9,66,date '2017-08-25');
insert into studentcourse (studentid,courseid,progress,startdate) values (442,26,38,date '2017-01-25');
insert into studentcourse (studentid,courseid,progress,startdate) values (442,72,64,date '2017-01-25');
insert into studentcourse (studentid,courseid,progress,startdate) values (442,27,44,date '2017-08-25');
insert into studentcourse (studentid,courseid,progress,startdate) values (443,76,40,date '2017-01-25');
insert into studentcourse (studentid,courseid,progress,startdate) values (443,21,66,date '2017-01-25');
insert into studentcourse (studentid,courseid,progress,startdate) values (443,50,52,date '2016-08-25');
insert into studentcourse (studentid,courseid,progress,startdate) values (444,59,69,date '2015-01-25');
insert into studentcourse (studentid,courseid,progress,startdate) values (444,58,68,date '2017-01-25');
insert into studentcourse (studentid,courseid,progress,startdate) values (444,23,83,date '2015-08-25');
insert into studentcourse (studentid,courseid,progress,startdate) values (444,20,39,date '2016-01-25');
insert into studentcourse (studentid,courseid,progress,startdate) values (445,48,85,date '2017-01-25');
insert into studentcourse (studentid,courseid,progress,startdate) values (445,67,82,date '2017-08-25');
insert into studentcourse (studentid,courseid,progress,startdate) values (445,14,44,date '2017-01-25');
insert into studentcourse (studentid,courseid,progress,startdate) values (445,18,82,date '2017-08-25');
insert into studentcourse (studentid,courseid,progress,startdate) values (446,67,82,date '2016-08-25');
insert into studentcourse (studentid,courseid,progress,startdate) values (446,48,39,date '2017-08-25');
insert into studentcourse (studentid,courseid,progress,startdate) values (446,6,84,date '2017-08-25');
insert into studentcourse (studentid,courseid,progress,startdate) values (446,34,54,date '2015-08-25');
insert into studentcourse (studentid,courseid,progress,startdate) values (447,29,56,date '2014-01-25');
insert into studentcourse (studentid,courseid,progress,startdate) values (447,70,84,date '2014-08-25');
insert into studentcourse (studentid,courseid,progress,startdate) values (447,57,82,date '2015-01-25');
insert into studentcourse (studentid,courseid,progress,startdate) values (448,21,53,date '2017-08-25');
insert into studentcourse (studentid,courseid,progress,startdate) values (448,67,58,date '2017-08-25');
insert into studentcourse (studentid,courseid,progress,startdate) values (448,10,53,date '2014-08-25');
insert into studentcourse (studentid,courseid,progress,startdate) values (448,44,82,date '2015-01-25');
insert into studentcourse (studentid,courseid,progress,startdate) values (449,42,89,date '2016-08-25');
insert into studentcourse (studentid,courseid,progress,startdate) values (449,33,51,date '2017-08-25');
insert into studentcourse (studentid,courseid,progress,startdate) values (449,70,57,date '2017-08-25');
insert into studentcourse (studentid,courseid,progress,startdate) values (449,26,49,date '2016-08-25');
insert into studentcourse (studentid,courseid,progress,startdate) values (450,17,88,date '2014-08-25');
insert into studentcourse (studentid,courseid,progress,startdate) values (450,15,69,date '2017-08-25');
insert into studentcourse (studentid,courseid,progress,startdate) values (450,7,88,date '2017-08-25');
insert into studentcourse (studentid,courseid,progress,startdate) values (450,69,72,date '2017-01-25');
insert into studentcourse (studentid,courseid,progress,startdate) values (451,75,87,date '2017-01-25');
insert into studentcourse (studentid,courseid,progress,startdate) values (451,71,68,date '2016-01-25');
insert into studentcourse (studentid,courseid,progress,startdate) values (451,36,55,date '2017-01-25');
insert into studentcourse (studentid,courseid,progress,startdate) values (451,57,52,date '2017-01-25');
insert into studentcourse (studentid,courseid,progress,startdate) values (452,15,81,date '2017-08-25');
insert into studentcourse (studentid,courseid,progress,startdate) values (452,51,50,date '2015-08-25');
insert into studentcourse (studentid,courseid,progress,startdate) values (452,22,57,date '2016-08-25');
insert into studentcourse (studentid,courseid,progress,startdate) values (452,30,45,date '2017-08-25');
insert into studentcourse (studentid,courseid,progress,startdate) values (453,76,87,date '2015-01-25');
insert into studentcourse (studentid,courseid,progress,startdate) values (453,67,52,date '2016-01-25');
insert into studentcourse (studentid,courseid,progress,startdate) values (453,63,54,date '2017-08-25');
insert into studentcourse (studentid,courseid,progress,startdate) values (453,73,44,date '2016-08-25');
insert into studentcourse (studentid,courseid,progress,startdate) values (454,62,56,date '2015-08-25');
insert into studentcourse (studentid,courseid,progress,startdate) values (454,18,55,date '2017-01-25');
insert into studentcourse (studentid,courseid,progress,startdate) values (454,42,50,date '2015-01-25');
insert into studentcourse (studentid,courseid,progress,startdate) values (454,47,89,date '2014-08-25');
insert into studentcourse (studentid,courseid,progress,startdate) values (455,10,73,date '2016-08-25');
insert into studentcourse (studentid,courseid,progress,startdate) values (455,38,83,date '2017-08-25');
insert into studentcourse (studentid,courseid,progress,startdate) values (455,40,84,date '2017-08-25');
insert into studentcourse (studentid,courseid,progress,startdate) values (455,73,56,date '2017-01-25');
insert into studentcourse (studentid,courseid,progress,startdate) values (456,70,51,date '2016-01-25');
insert into studentcourse (studentid,courseid,progress,startdate) values (456,75,57,date '2014-01-25');
insert into studentcourse (studentid,courseid,progress,startdate) values (456,21,55,date '2017-01-25');
insert into studentcourse (studentid,courseid,progress,startdate) values (456,4,66,date '2017-01-25');
insert into studentcourse (studentid,courseid,progress,startdate) values (457,11,54,date '2015-01-25');
insert into studentcourse (studentid,courseid,progress,startdate) values (457,52,72,date '2016-01-25');
insert into studentcourse (studentid,courseid,progress,startdate) values (457,2,37,date '2017-08-25');
insert into studentcourse (studentid,courseid,progress,startdate) values (457,5,44,date '2016-08-25');
insert into studentcourse (studentid,courseid,progress,startdate) values (458,69,40,date '2015-08-25');
insert into studentcourse (studentid,courseid,progress,startdate) values (458,70,88,date '2016-01-25');
insert into studentcourse (studentid,courseid,progress,startdate) values (458,14,89,date '2017-01-25');
insert into studentcourse (studentid,courseid,progress,startdate) values (458,49,64,date '2015-01-25');
insert into studentcourse (studentid,courseid,progress,startdate) values (459,26,54,date '2017-01-25');
insert into studentcourse (studentid,courseid,progress,startdate) values (459,42,41,date '2016-01-25');
insert into studentcourse (studentid,courseid,progress,startdate) values (459,27,39,date '2016-01-25');
insert into studentcourse (studentid,courseid,progress,startdate) values (460,55,85,date '2017-01-25');
insert into studentcourse (studentid,courseid,progress,startdate) values (460,54,44,date '2015-01-25');
insert into studentcourse (studentid,courseid,progress,startdate) values (460,9,37,date '2017-01-25');
insert into studentcourse (studentid,courseid,progress,startdate) values (460,2,58,date '2017-08-25');
insert into studentcourse (studentid,courseid,progress,startdate) values (460,10,89,date '2017-08-25');
insert into studentcourse (studentid,courseid,progress,startdate) values (461,29,86,date '2016-08-25');
insert into studentcourse (studentid,courseid,progress,startdate) values (461,75,43,date '2017-08-25');
insert into studentcourse (studentid,courseid,progress,startdate) values (461,41,66,date '2017-08-25');
insert into studentcourse (studentid,courseid,progress,startdate) values (461,13,45,date '2017-01-25');
insert into studentcourse (studentid,courseid,progress,startdate) values (462,49,81,date '2016-01-25');
insert into studentcourse (studentid,courseid,progress,startdate) values (462,65,64,date '2016-01-25');
insert into studentcourse (studentid,courseid,progress,startdate) values (462,23,36,date '2017-08-25');
insert into studentcourse (studentid,courseid,progress,startdate) values (462,28,70,date '2014-08-25');
insert into studentcourse (studentid,courseid,progress,startdate) values (463,20,65,date '2016-08-25');
insert into studentcourse (studentid,courseid,progress,startdate) values (463,58,44,date '2017-01-25');
insert into studentcourse (studentid,courseid,progress,startdate) values (463,53,88,date '2015-01-25');
insert into studentcourse (studentid,courseid,progress,startdate) values (463,71,40,date '2017-01-25');
insert into studentcourse (studentid,courseid,progress,startdate) values (464,34,67,date '2014-01-25');
insert into studentcourse (studentid,courseid,progress,startdate) values (464,11,70,date '2016-01-25');
insert into studentcourse (studentid,courseid,progress,startdate) values (464,59,69,date '2015-08-25');
insert into studentcourse (studentid,courseid,progress,startdate) values (464,74,57,date '2017-08-25');
insert into studentcourse (studentid,courseid,progress,startdate) values (465,27,55,date '2017-01-25');
insert into studentcourse (studentid,courseid,progress,startdate) values (465,14,50,date '2016-08-25');
insert into studentcourse (studentid,courseid,progress,startdate) values (465,47,66,date '2015-01-25');
insert into studentcourse (studentid,courseid,progress,startdate) values (465,24,53,date '2016-01-25');
insert into studentcourse (studentid,courseid,progress,startdate) values (466,45,52,date '2016-01-25');
insert into studentcourse (studentid,courseid,progress,startdate) values (466,73,89,date '2016-01-25');
insert into studentcourse (studentid,courseid,progress,startdate) values (466,13,41,date '2016-01-25');
insert into studentcourse (studentid,courseid,progress,startdate) values (466,24,43,date '2016-08-25');
insert into studentcourse (studentid,courseid,progress,startdate) values (467,76,82,date '2015-08-25');
insert into studentcourse (studentid,courseid,progress,startdate) values (467,67,55,date '2017-01-25');
insert into studentcourse (studentid,courseid,progress,startdate) values (467,52,44,date '2017-01-25');
insert into studentcourse (studentid,courseid,progress,startdate) values (467,57,45,date '2015-01-25');
insert into studentcourse (studentid,courseid,progress,startdate) values (468,50,67,date '2017-08-25');
insert into studentcourse (studentid,courseid,progress,startdate) values (468,43,39,date '2016-08-25');
insert into studentcourse (studentid,courseid,progress,startdate) values (468,6,85,date '2017-08-25');
insert into studentcourse (studentid,courseid,progress,startdate) values (468,57,84,date '2017-01-25');
insert into studentcourse (studentid,courseid,progress,startdate) values (469,60,67,date '2014-01-25');
insert into studentcourse (studentid,courseid,progress,startdate) values (469,20,54,date '2015-01-25');
insert into studentcourse (studentid,courseid,progress,startdate) values (469,47,54,date '2017-01-25');
insert into studentcourse (studentid,courseid,progress,startdate) values (469,64,55,date '2016-01-25');
insert into studentcourse (studentid,courseid,progress,startdate) values (470,61,83,date '2017-08-25');
insert into studentcourse (studentid,courseid,progress,startdate) values (470,55,72,date '2014-01-25');
insert into studentcourse (studentid,courseid,progress,startdate) values (470,40,81,date '2015-01-25');
insert into studentcourse (studentid,courseid,progress,startdate) values (470,34,39,date '2017-01-25');
insert into studentcourse (studentid,courseid,progress,startdate) values (471,46,85,date '2017-01-25');
insert into studentcourse (studentid,courseid,progress,startdate) values (471,47,42,date '2017-08-25');
insert into studentcourse (studentid,courseid,progress,startdate) values (471,12,49,date '2016-08-25');
insert into studentcourse (studentid,courseid,progress,startdate) values (471,61,55,date '2014-01-25');
insert into studentcourse (studentid,courseid,progress,startdate) values (472,8,71,date '2015-01-25');
insert into studentcourse (studentid,courseid,progress,startdate) values (472,53,43,date '2017-01-25');
insert into studentcourse (studentid,courseid,progress,startdate) values (472,22,84,date '2016-01-25');
insert into studentcourse (studentid,courseid,progress,startdate) values (472,5,52,date '2017-08-25');
insert into studentcourse (studentid,courseid,progress,startdate) values (473,28,69,date '2017-08-25');
insert into studentcourse (studentid,courseid,progress,startdate) values (473,13,82,date '2016-01-25');
insert into studentcourse (studentid,courseid,progress,startdate) values (473,53,55,date '2015-01-25');
insert into studentcourse (studentid,courseid,progress,startdate) values (473,21,83,date '2017-01-25');
insert into studentcourse (studentid,courseid,progress,startdate) values (474,12,44,date '2017-01-25');
insert into studentcourse (studentid,courseid,progress,startdate) values (474,30,68,date '2016-01-25');
insert into studentcourse (studentid,courseid,progress,startdate) values (474,13,81,date '2014-08-25');
insert into studentcourse (studentid,courseid,progress,startdate) values (474,16,72,date '2015-08-25');
insert into studentcourse (studentid,courseid,progress,startdate) values (475,66,45,date '2017-01-25');
insert into studentcourse (studentid,courseid,progress,startdate) values (475,5,57,date '2017-01-25');
insert into studentcourse (studentid,courseid,progress,startdate) values (475,25,49,date '2016-01-25');
insert into studentcourse (studentid,courseid,progress,startdate) values (475,34,87,date '2014-01-25');
insert into studentcourse (studentid,courseid,progress,startdate) values (476,3,58,date '2017-08-25');
insert into studentcourse (studentid,courseid,progress,startdate) values (476,7,50,date '2015-01-25');
insert into studentcourse (studentid,courseid,progress,startdate) values (476,32,51,date '2017-08-25');
insert into studentcourse (studentid,courseid,progress,startdate) values (476,37,69,date '2016-08-25');
insert into studentcourse (studentid,courseid,progress,startdate) values (477,66,86,date '2017-08-25');
insert into studentcourse (studentid,courseid,progress,startdate) values (477,60,53,date '2017-01-25');
insert into studentcourse (studentid,courseid,progress,startdate) values (477,53,39,date '2017-01-25');
insert into studentcourse (studentid,courseid,progress,startdate) values (477,61,57,date '2017-01-25');
insert into studentcourse (studentid,courseid,progress,startdate) values (478,9,37,date '2017-01-25');
insert into studentcourse (studentid,courseid,progress,startdate) values (478,23,84,date '2016-01-25');
insert into studentcourse (studentid,courseid,progress,startdate) values (478,60,53,date '2016-08-25');
insert into studentcourse (studentid,courseid,progress,startdate) values (478,43,45,date '2017-01-25');
insert into studentcourse (studentid,courseid,progress,startdate) values (479,34,43,date '2015-01-25');
insert into studentcourse (studentid,courseid,progress,startdate) values (479,3,49,date '2016-01-25');
insert into studentcourse (studentid,courseid,progress,startdate) values (479,24,38,date '2015-08-25');
insert into studentcourse (studentid,courseid,progress,startdate) values (479,41,55,date '2014-08-25');
insert into studentcourse (studentid,courseid,progress,startdate) values (480,26,49,date '2017-01-25');
insert into studentcourse (studentid,courseid,progress,startdate) values (480,42,89,date '2017-01-25');
insert into studentcourse (studentid,courseid,progress,startdate) values (480,9,81,date '2015-01-25');
insert into studentcourse (studentid,courseid,progress,startdate) values (480,4,70,date '2017-01-25');
insert into studentcourse (studentid,courseid,progress,startdate) values (481,67,51,date '2017-01-25');
insert into studentcourse (studentid,courseid,progress,startdate) values (481,21,64,date '2017-01-25');
insert into studentcourse (studentid,courseid,progress,startdate) values (481,52,72,date '2015-08-25');
insert into studentcourse (studentid,courseid,progress,startdate) values (481,73,56,date '2017-01-25');
insert into studentcourse (studentid,courseid,progress,startdate) values (482,26,38,date '2016-01-25');
insert into studentcourse (studentid,courseid,progress,startdate) values (482,32,49,date '2017-08-25');
insert into studentcourse (studentid,courseid,progress,startdate) values (482,63,54,date '2017-08-25');
insert into studentcourse (studentid,courseid,progress,startdate) values (482,7,39,date '2016-08-25');
insert into studentcourse (studentid,courseid,progress,startdate) values (483,56,71,date '2017-08-25');
insert into studentcourse (studentid,courseid,progress,startdate) values (483,31,67,date '2015-01-25');
insert into studentcourse (studentid,courseid,progress,startdate) values (483,30,64,date '2017-01-25');
insert into studentcourse (studentid,courseid,progress,startdate) values (483,6,70,date '2017-01-25');
insert into studentcourse (studentid,courseid,progress,startdate) values (483,18,39,date '2015-01-25');
insert into studentcourse (studentid,courseid,progress,startdate) values (484,27,89,date '2017-01-25');
insert into studentcourse (studentid,courseid,progress,startdate) values (484,18,65,date '2017-01-25');
insert into studentcourse (studentid,courseid,progress,startdate) values (484,38,45,date '2014-01-25');
insert into studentcourse (studentid,courseid,progress,startdate) values (484,54,68,date '2016-01-25');
insert into studentcourse (studentid,courseid,progress,startdate) values (485,16,85,date '2015-08-25');
insert into studentcourse (studentid,courseid,progress,startdate) values (485,7,40,date '2017-08-25');
insert into studentcourse (studentid,courseid,progress,startdate) values (485,58,70,date '2017-01-25');
insert into studentcourse (studentid,courseid,progress,startdate) values (486,57,84,date '2016-01-25');
insert into studentcourse (studentid,courseid,progress,startdate) values (486,42,53,date '2015-01-25');
insert into studentcourse (studentid,courseid,progress,startdate) values (486,18,85,date '2017-08-25');
insert into studentcourse (studentid,courseid,progress,startdate) values (486,72,73,date '2017-01-25');
insert into studentcourse (studentid,courseid,progress,startdate) values (487,44,83,date '2017-01-25');
insert into studentcourse (studentid,courseid,progress,startdate) values (487,41,88,date '2017-01-25');
insert into studentcourse (studentid,courseid,progress,startdate) values (487,59,66,date '2014-01-25');
insert into studentcourse (studentid,courseid,progress,startdate) values (487,71,72,date '2016-08-25');
insert into studentcourse (studentid,courseid,progress,startdate) values (488,50,81,date '2016-01-25');
insert into studentcourse (studentid,courseid,progress,startdate) values (488,47,43,date '2016-01-25');
insert into studentcourse (studentid,courseid,progress,startdate) values (488,65,90,date '2017-01-25');
insert into studentcourse (studentid,courseid,progress,startdate) values (488,19,81,date '2017-08-25');
insert into studentcourse (studentid,courseid,progress,startdate) values (488,59,43,date '2016-08-25');
insert into studentcourse (studentid,courseid,progress,startdate) values (489,1,52,date '2017-08-25');
insert into studentcourse (studentid,courseid,progress,startdate) values (489,28,81,date '2017-08-25');
insert into studentcourse (studentid,courseid,progress,startdate) values (489,67,88,date '2017-01-25');
insert into studentcourse (studentid,courseid,progress,startdate) values (489,57,88,date '2015-01-25');
insert into studentcourse (studentid,courseid,progress,startdate) values (490,33,73,date '2014-01-25');
insert into studentcourse (studentid,courseid,progress,startdate) values (490,57,57,date '2016-01-25');
insert into studentcourse (studentid,courseid,progress,startdate) values (490,28,86,date '2017-01-25');
insert into studentcourse (studentid,courseid,progress,startdate) values (490,31,51,date '2015-01-25');
insert into studentcourse (studentid,courseid,progress,startdate) values (491,58,50,date '2016-01-25');
insert into studentcourse (studentid,courseid,progress,startdate) values (491,66,73,date '2015-01-25');
insert into studentcourse (studentid,courseid,progress,startdate) values (491,9,40,date '2016-01-25');
insert into studentcourse (studentid,courseid,progress,startdate) values (491,53,64,date '2016-01-25');
insert into studentcourse (studentid,courseid,progress,startdate) values (492,21,86,date '2017-01-25');
insert into studentcourse (studentid,courseid,progress,startdate) values (492,76,71,date '2017-01-25');
insert into studentcourse (studentid,courseid,progress,startdate) values (492,26,66,date '2015-01-25');
insert into studentcourse (studentid,courseid,progress,startdate) values (492,6,37,date '2017-01-25');
insert into studentcourse (studentid,courseid,progress,startdate) values (493,54,44,date '2017-08-25');
insert into studentcourse (studentid,courseid,progress,startdate) values (493,66,42,date '2016-08-25');
insert into studentcourse (studentid,courseid,progress,startdate) values (493,14,81,date '2017-08-25');
insert into studentcourse (studentid,courseid,progress,startdate) values (493,63,57,date '2015-08-25');
insert into studentcourse (studentid,courseid,progress,startdate) values (494,46,81,date '2017-01-25');
insert into studentcourse (studentid,courseid,progress,startdate) values (494,1,43,date '2017-08-25');
insert into studentcourse (studentid,courseid,progress,startdate) values (494,66,58,date '2014-01-25');
insert into studentcourse (studentid,courseid,progress,startdate) values (495,21,87,date '2017-01-25');
insert into studentcourse (studentid,courseid,progress,startdate) values (495,48,43,date '2015-01-25');
insert into studentcourse (studentid,courseid,progress,startdate) values (495,12,86,date '2016-01-25');
insert into studentcourse (studentid,courseid,progress,startdate) values (495,30,83,date '2017-08-25');
insert into studentcourse (studentid,courseid,progress,startdate) values (496,47,65,date '2016-08-25');
insert into studentcourse (studentid,courseid,progress,startdate) values (496,50,87,date '2017-01-25');
insert into studentcourse (studentid,courseid,progress,startdate) values (496,13,71,date '2017-01-25');
insert into studentcourse (studentid,courseid,progress,startdate) values (496,20,49,date '2016-01-25');
insert into studentcourse (studentid,courseid,progress,startdate) values (497,14,57,date '2015-01-25');
insert into studentcourse (studentid,courseid,progress,startdate) values (497,36,58,date '2017-01-25');
insert into studentcourse (studentid,courseid,progress,startdate) values (497,34,45,date '2017-01-25');
insert into studentcourse (studentid,courseid,progress,startdate) values (497,75,52,date '2015-01-25');
insert into studentcourse (studentid,courseid,progress,startdate) values (498,21,43,date '2015-08-25');
insert into studentcourse (studentid,courseid,progress,startdate) values (498,67,49,date '2016-01-25');
insert into studentcourse (studentid,courseid,progress,startdate) values (498,58,56,date '2014-01-25');
insert into studentcourse (studentid,courseid,progress,startdate) values (498,6,67,date '2017-01-25');
insert into studentcourse (studentid,courseid,progress,startdate) values (499,25,40,date '2015-01-25');
insert into studentcourse (studentid,courseid,progress,startdate) values (499,66,87,date '2017-08-25');
insert into studentcourse (studentid,courseid,progress,startdate) values (499,42,51,date '2015-08-25');
insert into studentcourse (studentid,courseid,progress,startdate) values (499,44,49,date '2014-08-25');
insert into studentcourse (studentid,courseid,progress,startdate) values (500,75,38,date '2015-01-25');
insert into studentcourse (studentid,courseid,progress,startdate) values (500,71,37,date '2017-08-25');
insert into studentcourse (studentid,courseid,progress,startdate) values (500,63,83,date '2016-08-25');
insert into studentcourse (studentid,courseid,progress,startdate) values (500,25,39,date '2015-08-25');

/* insertions for table facultycourse */
insert into facultycourse (facultyid,courseid) values (1,56);
insert into facultycourse (facultyid,courseid) values (1,73);
insert into facultycourse (facultyid,courseid) values (1,36);
insert into facultycourse (facultyid,courseid) values (2,13);
insert into facultycourse (facultyid,courseid) values (2,46);
insert into facultycourse (facultyid,courseid) values (2,1);
insert into facultycourse (facultyid,courseid) values (3,21);
insert into facultycourse (facultyid,courseid) values (3,76);
insert into facultycourse (facultyid,courseid) values (3,67);
insert into facultycourse (facultyid,courseid) values (4,16);
insert into facultycourse (facultyid,courseid) values (4,34);
insert into facultycourse (facultyid,courseid) values (4,24);
insert into facultycourse (facultyid,courseid) values (5,55);
insert into facultycourse (facultyid,courseid) values (5,60);
insert into facultycourse (facultyid,courseid) values (5,54);
insert into facultycourse (facultyid,courseid) values (6,51);
insert into facultycourse (facultyid,courseid) values (6,53);
insert into facultycourse (facultyid,courseid) values (6,2);
insert into facultycourse (facultyid,courseid) values (7,21);
insert into facultycourse (facultyid,courseid) values (7,67);
insert into facultycourse (facultyid,courseid) values (7,48);
insert into facultycourse (facultyid,courseid) values (8,43);
insert into facultycourse (facultyid,courseid) values (8,28);
insert into facultycourse (facultyid,courseid) values (8,13);
insert into facultycourse (facultyid,courseid) values (9,71);
insert into facultycourse (facultyid,courseid) values (9,29);
insert into facultycourse (facultyid,courseid) values (9,69);
insert into facultycourse (facultyid,courseid) values (10,76);
insert into facultycourse (facultyid,courseid) values (10,67);
insert into facultycourse (facultyid,courseid) values (10,21);
insert into facultycourse (facultyid,courseid) values (11,67);
insert into facultycourse (facultyid,courseid) values (11,21);
insert into facultycourse (facultyid,courseid) values (11,48);
insert into facultycourse (facultyid,courseid) values (12,21);
insert into facultycourse (facultyid,courseid) values (12,67);
insert into facultycourse (facultyid,courseid) values (12,48);
insert into facultycourse (facultyid,courseid) values (13,9);
insert into facultycourse (facultyid,courseid) values (13,23);
insert into facultycourse (facultyid,courseid) values (13,32);
insert into facultycourse (facultyid,courseid) values (14,47);
insert into facultycourse (facultyid,courseid) values (14,13);
insert into facultycourse (facultyid,courseid) values (14,43);
insert into facultycourse (facultyid,courseid) values (15,11);
insert into facultycourse (facultyid,courseid) values (15,6);
insert into facultycourse (facultyid,courseid) values (15,37);
insert into facultycourse (facultyid,courseid) values (16,74);
insert into facultycourse (facultyid,courseid) values (16,58);
insert into facultycourse (facultyid,courseid) values (16,60);
insert into facultycourse (facultyid,courseid) values (17,42);
insert into facultycourse (facultyid,courseid) values (17,32);
insert into facultycourse (facultyid,courseid) values (17,26);
insert into facultycourse (facultyid,courseid) values (18,41);
insert into facultycourse (facultyid,courseid) values (18,18);
insert into facultycourse (facultyid,courseid) values (18,44);
insert into facultycourse (facultyid,courseid) values (19,55);
insert into facultycourse (facultyid,courseid) values (19,25);
insert into facultycourse (facultyid,courseid) values (19,61);
insert into facultycourse (facultyid,courseid) values (20,52);
insert into facultycourse (facultyid,courseid) values (20,38);
insert into facultycourse (facultyid,courseid) values (20,11);
insert into facultycourse (facultyid,courseid) values (21,64);
insert into facultycourse (facultyid,courseid) values (21,61);
insert into facultycourse (facultyid,courseid) values (21,58);
insert into facultycourse (facultyid,courseid) values (22,33);
insert into facultycourse (facultyid,courseid) values (22,9);
insert into facultycourse (facultyid,courseid) values (22,42);
insert into facultycourse (facultyid,courseid) values (23,6);
insert into facultycourse (facultyid,courseid) values (23,52);
insert into facultycourse (facultyid,courseid) values (23,24);
insert into facultycourse (facultyid,courseid) values (24,23);
insert into facultycourse (facultyid,courseid) values (24,33);
insert into facultycourse (facultyid,courseid) values (24,57);
insert into facultycourse (facultyid,courseid) values (25,67);
insert into facultycourse (facultyid,courseid) values (25,21);
insert into facultycourse (facultyid,courseid) values (25,76);
insert into facultycourse (facultyid,courseid) values (26,12);
insert into facultycourse (facultyid,courseid) values (26,8);
insert into facultycourse (facultyid,courseid) values (26,17);
insert into facultycourse (facultyid,courseid) values (27,69);
insert into facultycourse (facultyid,courseid) values (27,70);
insert into facultycourse (facultyid,courseid) values (27,71);
insert into facultycourse (facultyid,courseid) values (28,19);
insert into facultycourse (facultyid,courseid) values (28,50);
insert into facultycourse (facultyid,courseid) values (28,1);
insert into facultycourse (facultyid,courseid) values (29,59);
insert into facultycourse (facultyid,courseid) values (29,60);
insert into facultycourse (facultyid,courseid) values (29,5);
insert into facultycourse (facultyid,courseid) values (30,51);
insert into facultycourse (facultyid,courseid) values (30,17);
insert into facultycourse (facultyid,courseid) values (30,30);
insert into facultycourse (facultyid,courseid) values (31,57);
insert into facultycourse (facultyid,courseid) values (31,42);
insert into facultycourse (facultyid,courseid) values (31,33);
insert into facultycourse (facultyid,courseid) values (32,60);
insert into facultycourse (facultyid,courseid) values (32,59);
insert into facultycourse (facultyid,courseid) values (32,61);
insert into facultycourse (facultyid,courseid) values (33,18);
insert into facultycourse (facultyid,courseid) values (33,36);
insert into facultycourse (facultyid,courseid) values (33,56);
insert into facultycourse (facultyid,courseid) values (34,69);
insert into facultycourse (facultyid,courseid) values (34,70);
insert into facultycourse (facultyid,courseid) values (34,75);
insert into facultycourse (facultyid,courseid) values (35,44);
insert into facultycourse (facultyid,courseid) values (35,68);
insert into facultycourse (facultyid,courseid) values (35,4);
insert into facultycourse (facultyid,courseid) values (36,62);
insert into facultycourse (facultyid,courseid) values (36,41);
insert into facultycourse (facultyid,courseid) values (36,73);
insert into facultycourse (facultyid,courseid) values (37,70);
insert into facultycourse (facultyid,courseid) values (37,69);
insert into facultycourse (facultyid,courseid) values (37,71);
insert into facultycourse (facultyid,courseid) values (38,63);
insert into facultycourse (facultyid,courseid) values (38,10);
insert into facultycourse (facultyid,courseid) values (38,24);
insert into facultycourse (facultyid,courseid) values (39,48);
insert into facultycourse (facultyid,courseid) values (39,21);
insert into facultycourse (facultyid,courseid) values (39,67);
insert into facultycourse (facultyid,courseid) values (40,52);
insert into facultycourse (facultyid,courseid) values (40,37);
insert into facultycourse (facultyid,courseid) values (40,63);
insert into facultycourse (facultyid,courseid) values (41,76);
insert into facultycourse (facultyid,courseid) values (41,67);
insert into facultycourse (facultyid,courseid) values (41,48);
insert into facultycourse (facultyid,courseid) values (42,5);
insert into facultycourse (facultyid,courseid) values (42,25);
insert into facultycourse (facultyid,courseid) values (42,61);
insert into facultycourse (facultyid,courseid) values (43,32);
insert into facultycourse (facultyid,courseid) values (43,26);
insert into facultycourse (facultyid,courseid) values (43,57);
insert into facultycourse (facultyid,courseid) values (44,47);
insert into facultycourse (facultyid,courseid) values (44,28);
insert into facultycourse (facultyid,courseid) values (44,1);
insert into facultycourse (facultyid,courseid) values (45,32);
insert into facultycourse (facultyid,courseid) values (45,33);
insert into facultycourse (facultyid,courseid) values (45,42);
insert into facultycourse (facultyid,courseid) values (46,70);
insert into facultycourse (facultyid,courseid) values (46,75);
insert into facultycourse (facultyid,courseid) values (46,69);
insert into facultycourse (facultyid,courseid) values (47,70);
insert into facultycourse (facultyid,courseid) values (47,29);
insert into facultycourse (facultyid,courseid) values (47,71);
insert into facultycourse (facultyid,courseid) values (48,16);
insert into facultycourse (facultyid,courseid) values (48,6);
insert into facultycourse (facultyid,courseid) values (48,3);
insert into facultycourse (facultyid,courseid) values (49,18);
insert into facultycourse (facultyid,courseid) values (49,68);
insert into facultycourse (facultyid,courseid) values (49,62);
insert into facultycourse (facultyid,courseid) values (50,68);
insert into facultycourse (facultyid,courseid) values (50,45);
insert into facultycourse (facultyid,courseid) values (50,62);
insert into facultycourse (facultyid,courseid) values (51,53);
insert into facultycourse (facultyid,courseid) values (51,30);
insert into facultycourse (facultyid,courseid) values (51,12);
insert into facultycourse (facultyid,courseid) values (52,71);
insert into facultycourse (facultyid,courseid) values (52,29);
insert into facultycourse (facultyid,courseid) values (52,69);
insert into facultycourse (facultyid,courseid) values (53,29);
insert into facultycourse (facultyid,courseid) values (53,75);
insert into facultycourse (facultyid,courseid) values (53,70);
insert into facultycourse (facultyid,courseid) values (54,68);
insert into facultycourse (facultyid,courseid) values (54,44);
insert into facultycourse (facultyid,courseid) values (54,41);
insert into facultycourse (facultyid,courseid) values (55,41);
insert into facultycourse (facultyid,courseid) values (55,68);
insert into facultycourse (facultyid,courseid) values (55,65);
insert into facultycourse (facultyid,courseid) values (56,46);
insert into facultycourse (facultyid,courseid) values (56,47);
insert into facultycourse (facultyid,courseid) values (56,19);
insert into facultycourse (facultyid,courseid) values (57,50);
insert into facultycourse (facultyid,courseid) values (57,47);
insert into facultycourse (facultyid,courseid) values (57,46);
insert into facultycourse (facultyid,courseid) values (58,17);
insert into facultycourse (facultyid,courseid) values (58,30);
insert into facultycourse (facultyid,courseid) values (58,8);
insert into facultycourse (facultyid,courseid) values (59,30);
insert into facultycourse (facultyid,courseid) values (59,15);
insert into facultycourse (facultyid,courseid) values (59,17);
insert into facultycourse (facultyid,courseid) values (60,13);
insert into facultycourse (facultyid,courseid) values (60,50);
insert into facultycourse (facultyid,courseid) values (60,47);